,date,title,point
0,2023-07-12,뮤지컬 〈오페라의 유령〉 - 서울,39.3
1,2023-07-12,2023 신영숙 콘서트 ＇ 친절한 영숙씨＇,5.4
2,2023-07-12,뮤지컬 〈멤피스〉,4.3
3,2023-07-12,뮤지컬 〈시카고〉 25주년 기념 오리지널 내한,4.0
4,2023-07-12,뮤지컬 〈이토록 보통의〉,3.9
5,2023-07-12,뮤지컬 〈그날들〉 10주년 기념 공연,3.8
6,2023-07-12,뮤지컬 〈모차르트!〉,3.2
7,2023-07-12,뮤지컬 〈더 테일 에이프릴 풀스〉,2.6
8,2023-07-12,"뮤지컬 〈스웨그에이지 외쳐,조선!〉",2.3
9,2023-07-12,태양의서커스 〈루치아〉,2.2
10,2023-07-12,뮤지컬 〈보이A〉,2.2
11,2023-07-12,뮤지컬 〈오즈〉,1.6
12,2023-07-12,뮤지컬 〈곤 투모로우〉,1.5
13,2023-07-12,뮤지컬 〈베르나르다 알바〉,1.5
14,2023-07-12,뮤지컬 〈라흐 헤스트〉,1.5
15,2023-07-12,뮤지컬 데스노트 (The Musical Death Note) - 대구,1.4
16,2023-07-12,뮤지컬 〈프리다〉,1.4
17,2023-07-12,뮤지컬 〈레베카〉 10주년 기념공연,1.4
18,2023-07-12,뮤지컬 〈빨래〉,1.4
19,2023-07-12,뮤지컬 〈와일드 그레이〉,1.2
20,2023-07-12,베리어프리 뮤지멀 〈헬렌앤미〉 - 평택,1.1
21,2023-07-12,뮤지컬 〈전설의 리틀 농구단〉 - 안양,1.0
22,2023-07-12,와일드 와일드 〈드림〉,1.0
23,2023-07-12,뮤지컬 〈시카고〉 25주년 기념 오리지널 내한 - 대구,0.7
24,2023-07-12,쇼뮤지컬 〈드림하이〉,0.7
25,2023-07-12,뮤지컬 데스노트 (The Musical Death Note) - 부산,0.7
26,2023-07-12,뮤지컬 〈쿠로이 저택엔 누가 살고 있을까？〉,0.4
27,2023-07-12,뮤지컬 〈트레이스 유〉,0.4
28,2023-07-12,뮤지컬 〈비스티〉,0.4
29,2023-07-12,뮤지컬 〈더 픽션〉,0.4
30,2023-07-12,난타(NANTA) - 명동공연,0.4
31,2023-07-12,뮤지컬 〈할란카운티〉,0.3
32,2023-07-12,뮤지컬 〈맘마미아!〉 - 익산,0.3
33,2023-07-12,써니텐,0.3
34,2023-07-12,뮤지컬 〈트레드밀〉,0.3
35,2023-07-12,"뮤지컬 〈다시, 동물원〉",0.3
36,2023-07-12,뮤지컬 〈멸화군〉,0.3
37,2023-07-12,뮤지컬 〈맘마미아!〉 - 창원,0.3
38,2023-07-12,하트시그널,0.3
39,2023-07-12,뮤지컬 〈시카고〉 25주년 기념 오리지널 내한 - 부산,0.3
40,2023-07-12,"뮤지컬 〈알로하, 나의 엄마들〉",0.3
41,2023-07-12,2023 최현우 Answer,0.2
42,2023-07-12,뮤지컬 〈파리넬리〉 - 군포,0.2
43,2023-07-12,뮤지컬 〈맘마미아!〉 - 용인,0.2
44,2023-07-12,뮤지컬 허풍선이 과학쇼 장영실vs 에디슨 - 오산,0.2
45,2023-07-12,뮤지컬 〈빨래〉 - 용인,0.2
46,2023-07-12,뮤지컬 〈맘마미아!〉 - 청주,0.2
47,2023-07-12,2023 최현우 Answer - 수원,0.2
48,2023-07-12,파리넬리 - 공주,0.1
49,2023-07-12,뮤지컬 〈맘마미아!〉 - 세종,0.1
50,2023-07-13,뮤지컬 〈오페라의 유령〉 - 서울,14.7
51,2023-07-13,뮤지컬 〈구텐버그〉,13.5
52,2023-07-13,뮤지컬 〈트레드밀〉,7.8
53,2023-07-13,뮤지컬 〈멤피스〉,5.7
54,2023-07-13,뮤지컬 〈시카고〉 25주년 기념 오리지널 내한,5.6
55,2023-07-13,뮤지컬 〈그날들〉 10주년 기념 공연,5.5
56,2023-07-13,뮤지컬 〈모차르트!〉,3.6
57,2023-07-13,뮤지컬 〈이토록 보통의〉,3.1
58,2023-07-13,태양의서커스 〈루치아〉,2.8
59,2023-07-13,2023 신영숙 콘서트 ＇ 친절한 영숙씨＇,2.6
60,2023-07-13,뮤지컬 〈더 테일 에이프릴 풀스〉,2.6
61,2023-07-13,뮤지컬 데스노트 (The Musical Death Note) - 대구,2.2
62,2023-07-13,뮤지컬 〈빨래〉,1.8
63,2023-07-13,뮤지컬 〈프리다〉,1.7
64,2023-07-13,뮤지컬 〈레베카〉 10주년 기념공연,1.6
65,2023-07-13,뮤지컬 〈라흐 헤스트〉,1.5
66,2023-07-13,"뮤지컬 〈스웨그에이지 외쳐,조선!〉",1.5
67,2023-07-13,뮤지컬 〈보이A〉,1.4
68,2023-07-13,뮤지컬 〈베르나르다 알바〉,1.4
69,2023-07-13,뮤지컬 〈오즈〉,1.4
70,2023-07-13,뮤지컬 〈와일드 그레이〉,1.2
71,2023-07-13,뮤지컬 〈곤 투모로우〉,1.0
72,2023-07-13,와일드 와일드 〈드림〉,1.0
73,2023-07-13,뮤지컬 〈전설의 리틀 농구단〉 - 안양,1.0
74,2023-07-13,뮤지컬 〈시카고〉 25주년 기념 오리지널 내한 - 대구,0.9
75,2023-07-13,뮤지컬 데스노트 (The Musical Death Note) - 부산,0.9
76,2023-07-13,쇼뮤지컬 〈드림하이〉,0.9
77,2023-07-13,뮤지컬 〈쿠로이 저택엔 누가 살고 있을까？〉,0.8
78,2023-07-13,뮤지컬 〈비스티〉,0.7
79,2023-07-13,뮤지컬 〈멸화군〉,0.6
80,2023-07-13,뮤지컬 〈할란카운티〉,0.6
81,2023-07-13,뮤지컬 〈더 픽션〉,0.6
82,2023-07-13,베리어프리 뮤지컬 〈헬렌앤미〉 - 평택,0.5
83,2023-07-13,2023 최현우 Answer,0.5
84,2023-07-13,뮤지컬 〈맘마미아!〉 - 창원,0.4
85,2023-07-13,뮤지컬 〈트레이스 유〉,0.4
86,2023-07-13,"뮤지컬 〈다시, 동물원〉",0.4
87,2023-07-13,뮤지컬 〈맘마미아!〉 - 익산,0.4
88,2023-07-13,난타(NANTA) - 명동공연,0.3
89,2023-07-13,뮤지컬 〈시카고〉 25주년 기념 오리지널 내한 - 부산,0.3
90,2023-07-13,뮤지컬 〈맘마미아!〉 - 청주,0.3
91,2023-07-13,파리넬리 - 공주,0.3
92,2023-07-13,뮤지컬 〈맘마미아!〉 - 용인,0.3
93,2023-07-13,뮤지컬 〈백작〉,0.3
94,2023-07-13,뮤지컬 〈파리넬리〉 - 군포,0.3
95,2023-07-13,뮤지컬 〈김종욱 찾기〉,0.2
96,2023-07-13,〈섹시동안클럽〉 CONCERT - 납량특집,0.2
97,2023-07-13,뮤지컬 〈빨래〉 - 용인,0.2
98,2023-07-13,뮤지컬 〈맘마미아!〉 - 세종,0.1
99,2023-07-13,"뮤지컬 〈알로하, 나의 엄마들〉",0.1
100,2023-07-14,뮤지컬 〈오페라의 유령〉 - 서울,16.6
101,2023-07-14,뮤지컬 〈라흐 헤스트〉,11.5
102,2023-07-14,뮤지컬 파리넬리 - 수원,6.7
103,2023-07-14,뮤지컬 〈오즈〉,5.7
104,2023-07-14,뮤지컬 〈멤피스〉,5.0
105,2023-07-14,뮤지컬 〈그날들〉 10주년 기념 공연,4.8
106,2023-07-14,뮤지컬 〈시카고〉 25주년 기념 오리지널 내한,4.7
107,2023-07-14,뮤지컬 〈모차르트!〉,3.9
108,2023-07-14,"뮤지컬 〈스웨그에이지 외쳐,조선!〉",3.2
109,2023-07-14,태양의서커스 〈루치아〉,2.6
110,2023-07-14,뮤지컬 〈트레드밀〉,2.4
111,2023-07-14,뮤지컬 〈빨래〉,2.4
112,2023-07-14,뮤지컬 〈레베카〉 10주년 기념공연,1.8
113,2023-07-14,2023 신영숙 콘서트 ＇ 친절한 영숙씨＇,1.8
114,2023-07-14,뮤지컬 〈이토록 보통의〉,1.7
115,2023-07-14,뮤지컬 데스노트 (The Musical Death Note) - 대구,1.7
116,2023-07-14,뮤지컬 〈베르나르다 알바〉,1.5
117,2023-07-14,뮤지컬 〈더 테일 에이프릴 풀스〉,1.5
118,2023-07-14,뮤지컬 〈트레이스 유〉,1.5
119,2023-07-14,와일드 와일드 〈드림〉,1.4
120,2023-07-14,뮤지컬 〈와일드 그레이〉,1.3
121,2023-07-14,뮤지컬 〈프리다〉,1.1
122,2023-07-14,뮤지컬 〈시카고〉 25주년 기념 오리지널 내한 - 대구,1.0
123,2023-07-14,뮤지컬 〈구텐버그〉,0.9
124,2023-07-14,뮤지컬 〈곤 투모로우〉,0.8
125,2023-07-14,뮤지컬 〈보이A〉,0.8
126,2023-07-14,뮤지컬 〈전설의 리틀 농구단〉 - 안양,0.7
127,2023-07-14,쇼뮤지컬 〈드림하이〉,0.7
128,2023-07-14,뮤지컬 〈쿠로이 저택엔 누가 살고 있을까？〉,0.7
129,2023-07-14,뮤지컬 〈맘마미아!〉 - 익산,0.7
130,2023-07-14,뮤지컬 〈비스티〉,0.7
131,2023-07-14,뮤지컬 〈할란카운티〉,0.5
132,2023-07-14,뮤지컬 데스노트 (The Musical Death Note) - 부산,0.5
133,2023-07-14,뮤지컬 〈시카고〉 25주년 기념 오리지널 내한 - 부산,0.4
134,2023-07-14,뮤지컬 〈더 픽션〉,0.4
135,2023-07-14,뮤지컬 〈맘마미아!〉 - 청주,0.4
136,2023-07-14,뮤지컬 〈멸화군〉,0.4
137,2023-07-14,넌버벌 코미디 〈옹알스〉,0.4
138,2023-07-14,2023 최현우 Answer,0.4
139,2023-07-14,난타(NANTA) - 명동공연,0.4
140,2023-07-14,"뮤지컬 〈다시, 동물원〉",0.3
141,2023-07-14,파리넬리 - 공주,0.3
142,2023-07-14,뮤지컬 〈맘마미아!〉 - 용인,0.3
143,2023-07-14,2023 뮤지컬 〈신의 손가락〉,0.3
144,2023-07-14,뮤지컬 〈맘마미아!〉 - 진주,0.2
145,2023-07-14,베리어프리 뮤지컬 〈헬렌앤미〉 - 평택,0.2
146,2023-07-14,더 맨 얼라이브 〈초이스〉,0.2
147,2023-07-14,뮤지컬 〈맘마미아!〉 - 세종,0.2
148,2023-07-14,뮤지컬 〈맘마미아!〉 - 안산,0.2
149,2023-07-14,이은결 〈MAGIC ＆ ILLUSION〉 - 목포,0.2
150,2023-07-15,"뮤지컬 〈스웨그에이지 외쳐,조선!〉",12.6
151,2023-07-15,뮤지컬 〈오페라의 유령〉 - 서울,10.0
152,2023-07-15,뮤지컬 〈그날들〉 10주년 기념 공연,7.9
153,2023-07-15,뮤지컬 〈라흐 헤스트〉,6.4
154,2023-07-15,뮤지컬 〈모차르트!〉,6.2
155,2023-07-15,뮤지컬 〈멤피스〉,6.0
156,2023-07-15,뮤지컬 〈시카고〉 25주년 기념 오리지널 내한,4.8
157,2023-07-15,뮤지컬 〈오즈〉,4.1
158,2023-07-15,뮤지컬 〈빨래〉,3.7
159,2023-07-15,태양의서커스 〈루치아〉,2.8
160,2023-07-15,뮤지컬 〈더 테일 에이프릴 풀스〉,2.2
161,2023-07-15,뮤지컬 〈트레드밀〉,2.0
162,2023-07-15,뮤지컬 〈레베카〉 10주년 기념공연,2.0
163,2023-07-15,뮤지컬 파리넬리 - 수원,1.8
164,2023-07-15,뮤지컬 〈프리다〉,1.6
165,2023-07-15,뮤지컬 〈이토록 보통의〉,1.5
166,2023-07-15,뮤지컬 〈시카고〉 25주년 기념 오리지널 내한 - 대구,1.5
167,2023-07-15,뮤지컬 데스노트 (The Musical Death Note) - 부산,1.4
168,2023-07-15,2023 신영숙 콘서트 ＇ 친절한 영숙씨＇,1.3
169,2023-07-15,뮤지컬 〈와일드 그레이〉,1.1
170,2023-07-15,뮤지컬 데스노트 (The Musical Death Note) - 대구,1.1
171,2023-07-15,뮤지컬 〈비스티〉,1.0
172,2023-07-15,쇼뮤지컬 〈드림하이〉,1.0
173,2023-07-15,뮤지컬 〈트레이스 유〉,0.9
174,2023-07-15,와일드 와일드 〈드림〉,0.9
175,2023-07-15,뮤지컬 〈베르나르다 알바〉,0.9
176,2023-07-15,2023 최현우 Answer,0.8
177,2023-07-15,뮤지컬 〈맘마미아!〉 - 익산,0.7
178,2023-07-15,뮤지컬 〈더 픽션〉,0.7
179,2023-07-15,뮤지컬 〈전설의 리틀 농구단〉 - 안양,0.7
180,2023-07-15,뮤지컬 〈구텐버그〉,0.6
181,2023-07-15,뮤지컬 〈보이A〉,0.6
182,2023-07-15,뮤지컬 〈맘마미아!〉 - 창원,0.6
183,2023-07-15,"뮤지컬 〈알로하, 나의 엄마들〉",0.6
184,2023-07-15,뮤지컬 〈쿠로이 저택엔 누가 살고 있을까？〉,0.5
185,2023-07-15,뮤지컬 〈멸화군〉,0.5
186,2023-07-15,뮤지컬 〈시카고〉 25주년 기념 오리지널 내한 - 부산,0.4
187,2023-07-15,뮤지컬 〈곤 투모로우〉,0.4
188,2023-07-15,넌버벌 코미디 〈옹알스〉,0.4
189,2023-07-15,2023 최현우 Answer - 수원,0.4
190,2023-07-15,"뮤지컬 〈다시, 동물원〉",0.3
191,2023-07-15,뮤지컬 〈여신님이 보고 계셔〉 10th Anniversary - 안양,0.3
192,2023-07-15,뮤지컬 〈백작〉,0.3
193,2023-07-15,뮤지컬〈빨래〉 - 수원,0.3
194,2023-07-15,2023 뮤지컬 〈신의 손가락〉,0.3
195,2023-07-15,뮤지컬 〈김종욱 찾기〉,0.3
196,2023-07-15,뮤지컬 〈맘마미아!〉 - 진주,0.3
197,2023-07-15,뮤지컬 〈할란카운티〉,0.3
198,2023-07-15,뮤지컬 〈맘마미아!〉 - 용인,0.2
199,2023-07-15,뮤지컬 〈왕자대전〉,0.2
200,2023-07-16,뮤지컬 〈오페라의 유령〉 - 서울,14.3
201,2023-07-16,"뮤지컬 〈스웨그에이지 외쳐,조선!〉",9.9
202,2023-07-16,뮤지컬 〈그날들〉 10주년 기념 공연,8.9
203,2023-07-16,뮤지컬 〈모차르트!〉,6.1
204,2023-07-16,뮤지컬 〈멤피스〉,5.6
205,2023-07-16,뮤지컬 〈시카고〉 25주년 기념 오리지널 내한,5.3
206,2023-07-16,뮤지컬 〈라흐 헤스트〉,5.2
207,2023-07-16,뮤지컬 〈빨래〉,3.5
208,2023-07-16,태양의서커스 〈루치아〉,3.1
209,2023-07-16,뮤지컬 〈오즈〉,2.6
210,2023-07-16,뮤지컬 〈레베카〉 10주년 기념공연,2.0
211,2023-07-16,와일드 와일드 〈드림〉,1.6
212,2023-07-16,뮤지컬 데스노트 (The Musical Death Note) - 부산,1.6
213,2023-07-16,뮤지컬 〈시카고〉 25주년 기념 오리지널 내한 - 대구,1.5
214,2023-07-16,뮤지컬 파리넬리 - 수원,1.5
215,2023-07-16,뮤지컬 〈백작〉,1.4
216,2023-07-16,뮤지컬 〈와일드 그레이〉,1.4
217,2023-07-16,뮤지컬 〈더 테일 에이프릴 풀스〉,1.4
218,2023-07-16,뮤지컬 〈이토록 보통의〉,1.3
219,2023-07-16,2023 최현우 Answer,1.3
220,2023-07-16,"뮤지컬 〈알로하, 나의 엄마들〉",1.3
221,2023-07-16,쇼뮤지컬 〈드림하이〉,1.2
222,2023-07-16,뮤지컬 〈트레드밀〉,1.2
223,2023-07-16,뮤지컬 〈프리다〉,1.1
224,2023-07-16,뮤지컬 〈멸화군〉,1.1
225,2023-07-16,뮤지컬 〈맘마미아!〉 - 익산,0.9
226,2023-07-16,뮤지컬 〈보이A〉,0.8
227,2023-07-16,뮤지컬 〈트레이스 유〉,0.8
228,2023-07-16,뮤지컬 〈베르나르다 알바〉,0.7
229,2023-07-16,뮤지컬 〈비스티〉,0.7
230,2023-07-16,뮤지컬 〈곤 투모로우〉,0.6
231,2023-07-16,2023 신영숙 콘서트 ＇ 친절한 영숙씨＇,0.6
232,2023-07-16,2023 최현우 Answer - 수원,0.6
233,2023-07-16,뮤지컬 〈맘마미아!〉 - 창원,0.6
234,2023-07-16,뮤지컬 〈더 픽션〉,0.6
235,2023-07-16,뮤지컬 〈전설의 리틀 농구단〉 - 안양,0.5
236,2023-07-16,뮤지컬 〈맘마미아!〉 - 진주,0.5
237,2023-07-16,뮤지컬 〈김종욱 찾기〉,0.5
238,2023-07-16,뮤지컬 〈쿠로이 저택엔 누가 살고 있을까？〉,0.4
239,2023-07-16,"뮤지컬 〈다시, 동물원〉",0.4
240,2023-07-16,뮤지컬 〈맘마미아!〉 - 청주,0.4
241,2023-07-16,뮤지컬 〈구텐버그〉,0.4
242,2023-07-16,넌버벌 코미디 〈옹알스〉,0.3
243,2023-07-16,뮤지컬 데스노트 (The Musical Death Note) - 대구,0.3
244,2023-07-16,뮤지컬 〈시카고〉 25주년 기념 오리지널 내한 - 부산,0.3
245,2023-07-16,뮤지컬 〈맘마미아!〉 - 세종,0.3
246,2023-07-16,뮤지컬 〈맘마미아!〉 - 용인,0.2
247,2023-07-16,뮤지컬 ‘청사초롱’ - 대전,0.2
248,2023-07-16,2023 뮤지컬 〈신의 손가락〉,0.2
249,2023-07-16,베리어프리 뮤지컬 〈헬렌앤미〉 - 평택,0.2
250,2023-07-17,뮤지컬 〈백작〉,23.4
251,2023-07-17,"뮤지컬 〈다시, 동물원〉",6.4
252,2023-07-17,"뮤지컬 〈스웨그에이지 외쳐,조선!〉",6.1
253,2023-07-17,뮤지컬 〈그날들〉 10주년 기념 공연,5.9
254,2023-07-17,뮤지컬 〈오페라의 유령〉 - 서울,4.8
255,2023-07-17,뮤지컬 〈시카고〉 25주년 기념 오리지널 내한,4.5
256,2023-07-17,뮤지컬 〈멤피스〉,4.4
257,2023-07-17,뮤지컬 〈멸화군〉,4.4
258,2023-07-17,뮤지컬 〈모차르트!〉,4.0
259,2023-07-17,뮤지컬 〈오즈〉,3.6
260,2023-07-17,태양의서커스 〈루치아〉,2.6
261,2023-07-17,뮤지컬 〈라흐 헤스트〉,2.3
262,2023-07-17,뮤지컬 〈베르나르다 알바〉,2.2
263,2023-07-17,뮤지컬 〈빨래〉,2.2
264,2023-07-17,와일드 와일드 〈드림〉,2.1
265,2023-07-17,뮤지컬 〈레베카〉 10주년 기념공연,1.5
266,2023-07-17,뮤지컬 〈와일드 그레이〉,1.3
267,2023-07-17,뮤지컬 파리넬리 - 수원,1.1
268,2023-07-17,"뮤지컬 〈알로하, 나의 엄마들〉",1.1
269,2023-07-17,뮤지컬 데스노트 (The Musical Death Note) - 부산,1.0
270,2023-07-17,더 맨 얼라이브 〈초이스〉,1.0
271,2023-07-17,쇼뮤지컬 〈드림하이〉,1.0
272,2023-07-17,뮤지컬 〈시카고〉 25주년 기념 오리지널 내한 - 대구,0.9
273,2023-07-17,뮤지컬 〈트레드밀〉,0.7
274,2023-07-17,뮤지컬 〈더 테일 에이프릴 풀스〉,0.6
275,2023-07-17,뮤지컬 〈비스티〉,0.6
276,2023-07-17,뮤지컬 〈곤 투모로우〉,0.6
277,2023-07-17,2023 최현우 Answer,0.6
278,2023-07-17,뮤지컬 〈프리다〉,0.4
279,2023-07-17,2023 신영숙 콘서트 ＇ 친절한 영숙씨＇,0.4
280,2023-07-17,하트시그널,0.4
281,2023-07-17,뮤지컬 〈맘마미아!〉 - 용인,0.4
282,2023-07-17,뮤지컬 〈왕자대전〉,0.4
283,2023-07-17,뮤지컬 〈쿠로이 저택엔 누가 살고 있을까？〉,0.4
284,2023-07-17,뮤지컬 〈트레이스 유〉,0.4
285,2023-07-17,뮤지컬 〈더 픽션〉,0.4
286,2023-07-17,뮤지컬 허풍선이 과학쇼 장영실vs 에디슨 - 오산,0.4
287,2023-07-17,뮤지컬 〈빨래〉 - 용인,0.3
288,2023-07-17,뮤지컬 〈이토록 보통의〉,0.3
289,2023-07-17,뮤지컬 〈보이A〉,0.3
290,2023-07-17,뮤지컬 〈맘마미아!〉 - 창원,0.3
291,2023-07-17,뮤지컬 〈시카고〉 25주년 기념 오리지널 내한 - 부산,0.3
292,2023-07-17,뮤지컬 〈맘마미아!〉 - 익산,0.3
293,2023-07-17,뮤지컬 〈맘마미아!〉 - 세종,0.3
294,2023-07-17,뮤지컬 〈전설의 리틀 농구단〉 - 안양,0.3
295,2023-07-17,난타(NANTA) - 명동공연,0.2
296,2023-07-17,뮤지컬 ‘청사초롱’ - 대전,0.2
297,2023-07-17,뮤지컬 〈맘마미아!〉 - 청주,0.2
298,2023-07-17,뮤지컬 〈맘마미아!〉 - 안산,0.2
299,2023-07-17,뮤지컬 〈김종욱 찾기〉,0.2
300,2023-07-18,뮤지컬 〈22년 2개월〉,10.8
301,2023-07-18,쇼 뮤지컬 〈시스터즈 (SheStars!)〉,10.3
302,2023-07-18,"뮤지컬 〈다시, 동물원〉",8.1
303,2023-07-18,태양의서커스 〈루치아〉,5.8
304,2023-07-18,뮤지컬 〈모차르트!〉,5.8
305,2023-07-18,뮤지컬 〈오페라의 유령〉 - 서울,5.6
306,2023-07-18,뮤지컬 〈멤피스〉,5.1
307,2023-07-18,뮤지컬 〈시카고〉 25주년 기념 오리지널 내한,5.1
308,2023-07-18,뮤지컬 〈그날들〉 10주년 기념 공연,5.0
309,2023-07-18,뮤지컬 〈빨래〉,2.8
310,2023-07-18,뮤지컬 〈라흐 헤스트〉,2.7
311,2023-07-18,뮤지컬 〈오즈〉,2.6
312,2023-07-18,"뮤지컬 〈스웨그에이지 외쳐,조선!〉",2.2
313,2023-07-18,뮤지컬 〈레베카〉 10주년 기념공연,2.1
314,2023-07-18,뮤지컬 〈베르나르다 알바〉,1.9
315,2023-07-18,뮤지컬 〈와일드 그레이〉,1.8
316,2023-07-18,와일드 와일드 〈드림〉,1.3
317,2023-07-18,뮤지컬 파리넬리 - 수원,1.3
318,2023-07-18,뮤지컬 〈시카고〉 25주년 기념 오리지널 내한 - 대구,1.2
319,2023-07-18,베리어프리 뮤지컬 〈헬렌앤미〉 - 평택,1.1
320,2023-07-18,뮤지컬 〈멸화군〉,1.0
321,2023-07-18,뮤지컬 데스노트 (The Musical Death Note) - 부산,1.0
322,2023-07-18,뮤지컬 〈백작〉,1.0
323,2023-07-18,뮤지컬 〈프리다〉,0.8
324,2023-07-18,쇼뮤지컬 〈드림하이〉,0.8
325,2023-07-18,뮤지컬 〈트레이스 유〉,0.6
326,2023-07-18,2023 최현우 Answer,0.6
327,2023-07-18,뮤지컬 〈비스티〉,0.6
328,2023-07-18,뮤지컬 〈트레드밀〉,0.6
329,2023-07-18,더 맨 얼라이브 〈초이스〉,0.6
330,2023-07-18,뮤지컬 〈더 테일 에이프릴 풀스〉,0.5
331,2023-07-18,"뮤지컬 〈알로하, 나의 엄마들〉",0.5
332,2023-07-18,뮤지컬 〈맘마미아!〉 - 익산,0.5
333,2023-07-18,뮤지컬 〈곤 투모로우〉,0.5
334,2023-07-18,2023 신영숙 콘서트 ＇ 친절한 영숙씨＇,0.5
335,2023-07-18,난타(NANTA) - 명동공연,0.4
336,2023-07-18,뮤지컬 〈쿠로이 저택엔 누가 살고 있을까？〉,0.4
337,2023-07-18,뮤지컬 〈더 픽션〉,0.4
338,2023-07-18,뮤지컬 〈맘마미아!〉 - 청주,0.4
339,2023-07-18,뮤지컬 〈시카고〉 25주년 기념 오리지널 내한 - 부산,0.3
340,2023-07-18,뮤지컬 〈맘마미아!〉 - 세종,0.3
341,2023-07-18,뮤지컬 〈이토록 보통의〉,0.3
342,2023-07-18,뮤지컬 〈맘마미아!〉 - 창원,0.3
343,2023-07-18,뮤지컬 〈보이A〉,0.3
344,2023-07-18,뮤지컬 〈왕자대전〉,0.3
345,2023-07-18,뮤지컬 허풍선이 과학쇼 장영실vs 에디슨 - 오산,0.3
346,2023-07-18,뮤지컬 〈빨래〉 - 구미,0.3
347,2023-07-18,트로트 뮤지컬 〈트리아웃〉 - 화성,0.3
348,2023-07-18,뮤지컬＇하모니＇- 전주,0.2
349,2023-07-18,2023 뮤지컬 〈신의 손가락〉,0.2
350,2023-07-19,뮤지컬 〈비스티〉,21.5
351,2023-07-19,뮤지컬 〈시카고〉 25주년 기념 오리지널 내한,6.7
352,2023-07-19,뮤지컬 〈그날들〉 10주년 기념 공연,6.7
353,2023-07-19,뮤지컬 〈오페라의 유령〉 - 서울,5.6
354,2023-07-19,뮤지컬 〈멤피스〉,4.8
355,2023-07-19,뮤지컬 〈모차르트!〉,4.8
356,2023-07-19,쇼 뮤지컬 〈시스터즈 (SheStars!)〉,4.2
357,2023-07-19,뮤지컬 〈레베카〉 10주년 기념공연,3.9
358,2023-07-19,태양의서커스 〈루치아〉,3.4
359,2023-07-19,뮤지컬 〈22년 2개월〉,2.9
360,2023-07-19,뮤지컬 〈빨래〉,2.8
361,2023-07-19,뮤지컬 〈베르나르다 알바〉,2.2
362,2023-07-19,"뮤지컬 〈스웨그에이지 외쳐,조선!〉",2.2
363,2023-07-19,뮤지컬 〈라흐 헤스트〉,2.1
364,2023-07-19,뮤지컬 판타지아 - 연천,1.6
365,2023-07-19,뮤지컬 〈오즈〉,1.5
366,2023-07-19,"뮤지컬 〈다시, 동물원〉",1.5
367,2023-07-19,뮤지컬 〈와일드 그레이〉,1.3
368,2023-07-19,뮤지컬 데스노트 (The Musical Death Note) - 부산,1.2
369,2023-07-19,뮤지컬 〈시카고〉 25주년 기념 오리지널 내한 - 대구,1.2
370,2023-07-19,와일드 와일드 〈드림〉,1.1
371,2023-07-19,쇼뮤지컬 〈드림하이〉,1.1
372,2023-07-19,더 맨 얼라이브 〈초이스〉,1.0
373,2023-07-19,뮤지컬 〈프리다〉,0.8
374,2023-07-19,뮤지컬 〈시카고〉 25주년 기념 오리지널 내한 - 부산,0.8
375,2023-07-19,뮤지컬 〈더 테일 에이프릴 풀스〉,0.8
376,2023-07-19,2023 최현우 Answer,0.8
377,2023-07-19,뮤지컬 〈더 픽션〉,0.7
378,2023-07-19,뮤지컬 〈트레이스 유〉,0.6
379,2023-07-19,뮤지컬 〈멸화군〉,0.6
380,2023-07-19,베리어프리 뮤지컬 〈헬렌앤미〉 - 평택,0.5
381,2023-07-19,뮤지컬 〈트레드밀〉,0.5
382,2023-07-19,2023 신영숙 콘서트 ＇ 친절한 영숙씨＇,0.5
383,2023-07-19,뮤지컬 〈백작〉,0.4
384,2023-07-19,뮤지컬 파리넬리 - 수원,0.4
385,2023-07-19,뮤지컬 〈쿠로이 저택엔 누가 살고 있을까？〉,0.4
386,2023-07-19,뮤지컬 〈곤 투모로우〉,0.4
387,2023-07-19,뮤지컬 〈빨래〉 - 용인,0.3
388,2023-07-19,난타(NANTA) - 명동공연,0.3
389,2023-07-19,뮤지컬 〈김종욱 찾기〉,0.3
390,2023-07-19,뮤지컬 〈구텐버그〉,0.3
391,2023-07-19,뮤지컬 〈맘마미아!〉 - 청주,0.3
392,2023-07-19,뮤지컬 〈파리넬리〉 - 부산,0.3
393,2023-07-19,뮤지컬 〈왕자대전〉,0.3
394,2023-07-19,뮤지컬 〈맘마미아!〉 - 세종,0.3
395,2023-07-19,뮤지컬 〈이토록 보통의〉,0.3
396,2023-07-19,"뮤지컬 〈알로하, 나의 엄마들〉",0.3
397,2023-07-19,2023 뮤지컬 〈신의 손가락〉,0.3
398,2023-07-19,뮤지컬 〈싯다르타〉 - 속초,0.3
399,2023-07-19,뮤지컬 ‘청사초롱’ - 대전,0.3
400,2023-07-20,뮤지컬 ＇벤허＇,30.8
401,2023-07-20,뮤지컬 〈오페라의 유령〉 - 서울,11.9
402,2023-07-20,타오르는 어둠 속에서,8.6
403,2023-07-20,뮤지컬 〈멤피스〉,5.3
404,2023-07-20,뮤지컬 〈그날들〉 10주년 기념 공연,4.8
405,2023-07-20,뮤지컬 〈모차르트!〉,3.6
406,2023-07-20,뮤지컬 〈시카고〉 25주년 기념 오리지널 내한,3.4
407,2023-07-20,2023 뮤지컬 〈신의 손가락〉,2.1
408,2023-07-20,뮤지컬 〈빨래〉,2.0
409,2023-07-20,쇼 뮤지컬 〈시스터즈 (SheStars!)〉,2.0
410,2023-07-20,뮤지컬 〈22년 2개월〉,1.8
411,2023-07-20,태양의서커스 〈루치아〉,1.5
412,2023-07-20,"뮤지컬 〈스웨그에이지 외쳐,조선!〉",1.4
413,2023-07-20,뮤지컬 〈베르나르다 알바〉,1.3
414,2023-07-20,뮤지컬 〈라흐 헤스트〉,1.3
415,2023-07-20,뮤지컬 〈시카고〉 25주년 기념 오리지널 내한 - 대구,1.1
416,2023-07-20,뮤지컬 〈레베카〉 10주년 기념공연,1.0
417,2023-07-20,쇼뮤지컬 〈드림하이〉,1.0
418,2023-07-20,뮤지컬 〈비스티〉,0.9
419,2023-07-20,써니텐,0.8
420,2023-07-20,와일드 와일드 〈드림〉,0.8
421,2023-07-20,뮤지컬 〈오즈〉,0.8
422,2023-07-20,뮤지컬 〈프리다〉,0.7
423,2023-07-20,뮤지컬 〈와일드 그레이〉,0.7
424,2023-07-20,뮤지컬 〈더 테일 에이프릴 풀스〉,0.5
425,2023-07-20,뮤지컬 데스노트 (The Musical Death Note) - 부산,0.5
426,2023-07-20,뮤지컬 〈더 픽션〉,0.4
427,2023-07-20,뮤지컬 〈싯다르타〉 - 속초,0.4
428,2023-07-20,뮤지컬 〈곤 투모로우〉,0.4
429,2023-07-20,뮤지컬 〈백작〉,0.4
430,2023-07-20,2023 최현우 Answer,0.4
431,2023-07-20,뮤지컬 〈트레드밀〉,0.4
432,2023-07-20,"뮤지컬 〈다시, 동물원〉",0.3
433,2023-07-20,뮤지컬 파리넬리 - 수원,0.3
434,2023-07-20,뮤지컬 〈맘마미아!〉 - 창원,0.3
435,2023-07-20,뮤지컬 〈트레이스 유〉,0.3
436,2023-07-20,뮤지컬 〈맘마미아!〉 - 용인,0.3
437,2023-07-20,뮤지컬 〈멸화군〉,0.3
438,2023-07-20,뮤지컬 〈맘마미아!〉 - 안산,0.3
439,2023-07-20,뮤지컬 〈시카고〉 25주년 기념 오리지널 내한 - 부산,0.3
440,2023-07-20,2023 신영숙 콘서트 ＇ 친절한 영숙씨＇,0.3
441,2023-07-20,뮤지컬 〈맘마미아!〉 - 세종,0.2
442,2023-07-20,뮤지컬 〈구텐버그〉,0.2
443,2023-07-20,뮤지컬 〈보이A〉,0.2
444,2023-07-20,뮤지컬 판타지아 - 연천,0.2
445,2023-07-20,뮤지컬 〈맘마미아!〉 - 익산,0.2
446,2023-07-20,"뮤지컬 〈알로하, 나의 엄마들〉",0.2
447,2023-07-20,뮤지컬 ‘청사초롱’ - 대전,0.2
448,2023-07-20,베리어프리 뮤지컬 〈헬렌앤미〉 - 평택,0.2
449,2023-07-20,하트시그널,0.2
450,2023-07-21,뮤지컬 사의찬미 10th Anniversary Concert,25.3
451,2023-07-21,뮤지컬 〈그날들〉 10주년 기념 공연,13.4
452,2023-07-21,뮤지컬 ＇벤허＇,9.9
453,2023-07-21,뮤지컬 〈오페라의 유령〉 - 서울,6.0
454,2023-07-21,뮤지컬 〈멤피스〉,6.0
455,2023-07-21,뮤지컬 〈사칠〉,4.1
456,2023-07-21,뮤지컬 〈타오르는 어둠 속에서〉,3.5
457,2023-07-21,뮤지컬 〈시카고〉 25주년 기념 오리지널 내한,3.4
458,2023-07-21,뮤지컬 〈모차르트!〉,3.0
459,2023-07-21,뮤지컬 〈빨래〉,1.9
460,2023-07-21,태양의서커스 〈루치아〉,1.3
461,2023-07-21,뮤지컬 〈레베카〉 10주년 기념공연,1.2
462,2023-07-21,뮤지컬 〈라흐 헤스트〉,1.1
463,2023-07-21,뮤지컬 〈22년 2개월〉,1.0
464,2023-07-21,"뮤지컬 〈스웨그에이지 외쳐,조선!〉",0.9
465,2023-07-21,뮤지컬 〈비스티〉,0.9
466,2023-07-21,"뮤지컬 〈다시, 동물원〉",0.8
467,2023-07-21,뮤지컬 데스노트 (The Musical Death Note) - 부산,0.8
468,2023-07-21,와일드 와일드 〈드림〉,0.8
469,2023-07-21,뮤지컬 〈와일드 그레이〉,0.7
470,2023-07-21,뮤지컬 파리넬리 - 수원,0.7
471,2023-07-21,쇼 뮤지컬 〈시스터즈 (SheStars!)〉,0.7
472,2023-07-21,뮤지컬 〈더 픽션〉,0.7
473,2023-07-21,쇼뮤지컬 〈드림하이〉,0.7
474,2023-07-21,뮤지컬 〈시카고〉 25주년 기념 오리지널 내한 - 대구,0.6
475,2023-07-21,뮤지컬 〈오즈〉,0.6
476,2023-07-21,뮤지컬 〈베르나르다 알바〉,0.5
477,2023-07-21,뮤지컬 〈프리다〉,0.5
478,2023-07-21,2023 최현우 Answer,0.4
479,2023-07-21,베리어프리 뮤지컬 〈헬렌앤미〉 - 평택,0.4
480,2023-07-21,"뮤지컬 〈알로하, 나의 엄마들〉",0.4
481,2023-07-21,뮤지컬 〈더 테일 에이프릴 풀스〉,0.4
482,2023-07-21,뮤지컬 〈곤 투모로우〉,0.3
483,2023-07-21,뮤지컬 〈쿠로이 저택엔 누가 살고 있을까？〉,0.3
484,2023-07-21,2023 뮤지컬 〈신의 손가락〉,0.3
485,2023-07-21,뮤지컬 〈보이A〉,0.3
486,2023-07-21,뮤지컬 〈트레드밀〉,0.3
487,2023-07-21,뮤지컬 〈멸화군〉,0.3
488,2023-07-21,뮤지컬 〈트레이스 유〉,0.3
489,2023-07-21,뮤지컬 ‘청사초롱’ - 대전,0.3
490,2023-07-21,난타(NANTA) - 명동공연,0.3
491,2023-07-21,뮤지컬 〈맘마미아!〉 - 창원,0.3
492,2023-07-21,뮤지컬 〈백작〉,0.3
493,2023-07-21,뮤지컬 〈시카고〉 25주년 기념 오리지널 내한 - 부산,0.3
494,2023-07-21,2023 최현우 Answer - 수원,0.2
495,2023-07-21,뮤지컬 〈싯다르타〉 - 속초,0.2
496,2023-07-21,뮤지컬 〈맘마미아!〉 - 익산,0.2
497,2023-07-21,뮤지컬 〈맘마미아!〉 - 안산,0.2
498,2023-07-21,뮤지컬 〈맘마미아!〉 - 세종,0.2
499,2023-07-21,뮤지컬 〈맘마미아!〉 - 청주,0.2
500,2023-07-22,뮤지컬 〈그날들〉 10주년 기념 공연,13.0
501,2023-07-22,뮤지컬 〈오페라의 유령〉 - 서울,9.9
502,2023-07-22,뮤지컬 〈비스티〉,9.1
503,2023-07-22,뮤지컬 〈멤피스〉,8.9
504,2023-07-22,뮤지컬 ＇벤허＇,8.3
505,2023-07-22,뮤지컬 〈모차르트!〉,4.2
506,2023-07-22,뮤지컬 〈시카고〉 25주년 기념 오리지널 내한,4.2
507,2023-07-22,뮤지컬 사의찬미 10th Anniversary Concert,4.0
508,2023-07-22,뮤지컬 〈타오르는 어둠 속에서〉,3.4
509,2023-07-22,뮤지컬 〈빨래〉,3.3
510,2023-07-22,"뮤지컬 〈스웨그에이지 외쳐,조선!〉",1.9
511,2023-07-22,뮤지컬 〈사칠〉,1.8
512,2023-07-22,뮤지컬 〈라흐 헤스트〉,1.6
513,2023-07-22,태양의서커스 〈루치아〉,1.6
514,2023-07-22,뮤지컬 〈22년 2개월〉,1.6
515,2023-07-22,뮤지컬 〈시카고〉 25주년 기념 오리지널 내한 - 대구,1.5
516,2023-07-22,뮤지컬 〈더 픽션〉,1.4
517,2023-07-22,뮤지컬 데스노트 (The Musical Death Note) - 부산,1.4
518,2023-07-22,"뮤지컬 〈다시, 동물원〉",1.4
519,2023-07-22,뮤지컬 〈레베카〉 10주년 기념공연,1.3
520,2023-07-22,뮤지컬 〈오즈〉,0.9
521,2023-07-22,쇼 뮤지컬 〈시스터즈 (SheStars!)〉,0.8
522,2023-07-22,뮤지컬 〈와일드 그레이〉,0.8
523,2023-07-22,뮤지컬 〈보이A〉,0.8
524,2023-07-22,와일드 와일드 〈드림〉,0.7
525,2023-07-22,쇼뮤지컬 〈드림하이〉,0.7
526,2023-07-22,뮤지컬 〈프리다〉,0.6
527,2023-07-22,뮤지컬 〈베르나르다 알바〉,0.6
528,2023-07-22,뮤지컬 〈트레드밀〉,0.6
529,2023-07-22,2023 최현우 Answer,0.5
530,2023-07-22,뮤지컬 〈멸화군〉,0.5
531,2023-07-22,뮤지컬 〈트레이스 유〉,0.5
532,2023-07-22,뮤지컬 〈더 테일 에이프릴 풀스〉,0.5
533,2023-07-22,난타(NANTA) - 명동공연,0.5
534,2023-07-22,뮤지컬 〈맘마미아!〉 - 안산,0.4
535,2023-07-22,뮤지컬 〈곤 투모로우〉,0.4
536,2023-07-22,뮤지컬 〈맘마미아!〉 - 청주,0.4
537,2023-07-22,뮤지컬 〈백작〉,0.4
538,2023-07-22,뮤지컬 〈시카고〉 25주년 기념 오리지널 내한 - 부산,0.3
539,2023-07-22,뮤지컬 파리넬리 - 수원,0.3
540,2023-07-22,뮤지컬 〈맘마미아!〉 - 세종,0.3
541,2023-07-22,"뮤지컬 〈알로하, 나의 엄마들〉",0.3
542,2023-07-22,2023 신영숙 콘서트 ＇ 친절한 영숙씨＇,0.3
543,2023-07-22,뮤지컬 〈빨래〉 - 용인,0.3
544,2023-07-22,2023 뮤지컬 〈신의 손가락〉,0.3
545,2023-07-22,뮤지컬 〈김종욱 찾기〉,0.3
546,2023-07-22,뮤지컬 〈빨래〉 - 구미,0.3
547,2023-07-22,뮤지컬 〈맘마미아!〉 - 용인,0.2
548,2023-07-22,뮤지컬 〈맘마미아!〉 - 창원,0.2
549,2023-07-22,2023 최현우 Answer - 수원,0.2
550,2023-07-23,뮤지컬 〈그날들〉 10주년 기념 공연,17.4
551,2023-07-23,뮤지컬 〈멤피스〉,9.1
552,2023-07-23,뮤지컬 〈오페라의 유령〉 - 서울,8.0
553,2023-07-23,뮤지컬 ＇벤허＇,6.9
554,2023-07-23,뮤지컬 〈시카고〉 25주년 기념 오리지널 내한,5.5
555,2023-07-23,뮤지컬 〈모차르트!〉,5.2
556,2023-07-23,뮤지컬 〈빨래〉,3.4
557,2023-07-23,뮤지컬 〈타오르는 어둠 속에서〉,2.7
558,2023-07-23,뮤지컬 〈비스티〉,2.4
559,2023-07-23,태양의서커스 〈루치아〉,2.3
560,2023-07-23,뮤지컬 〈사칠〉,2.2
561,2023-07-23,"뮤지컬 〈다시, 동물원〉",2.0
562,2023-07-23,뮤지컬 〈레베카〉 10주년 기념공연,2.0
563,2023-07-23,"뮤지컬 〈스웨그에이지 외쳐,조선!〉",1.9
564,2023-07-23,뮤지컬 〈오즈〉,1.8
565,2023-07-23,뮤지컬 〈와일드 그레이〉,1.7
566,2023-07-23,뮤지컬 사의찬미 10th Anniversary Concert,1.6
567,2023-07-23,뮤지컬 〈더 픽션〉,1.6
568,2023-07-23,뮤지컬 데스노트 (The Musical Death Note) - 부산,1.6
569,2023-07-23,뮤지컬 〈시카고〉 25주년 기념 오리지널 내한 - 대구,1.4
570,2023-07-23,2023 최현우 Answer,1.3
571,2023-07-23,와일드 와일드 〈드림〉,1.2
572,2023-07-23,뮤지컬 〈라흐 헤스트〉,1.1
573,2023-07-23,뮤지컬 〈프리다〉,1.0
574,2023-07-23,뮤지컬 〈베르나르다 알바〉,0.8
575,2023-07-23,뮤지컬 〈백작〉,0.7
576,2023-07-23,뮤지컬 〈더 테일 에이프릴 풀스〉,0.7
577,2023-07-23,뮤지컬 〈맘마미아!〉 - 익산,0.7
578,2023-07-23,뮤지컬 〈22년 2개월〉,0.7
579,2023-07-23,쇼 뮤지컬 〈시스터즈 (SheStars!)〉,0.6
580,2023-07-23,뮤지컬 〈맘마미아!〉 - 안산,0.6
581,2023-07-23,뮤지컬 〈멸화군〉,0.6
582,2023-07-23,뮤지컬 〈시카고〉 25주년 기념 오리지널 내한 - 부산,0.5
583,2023-07-23,뮤지컬 〈보이A〉,0.5
584,2023-07-23,썬더 프롬 다운 언더 IN 서울,0.5
585,2023-07-23,난타(NANTA) - 명동공연,0.5
586,2023-07-23,뮤지컬 〈트레드밀〉,0.5
587,2023-07-23,2023 최현우 Answer - 수원,0.5
588,2023-07-23,뮤지컬 〈트레이스 유〉,0.5
589,2023-07-23,뮤지컬 〈맘마미아!〉 - 용인,0.4
590,2023-07-23,뮤지컬 〈맘마미아!〉 - 창원,0.4
591,2023-07-23,뮤지컬 〈김종욱 찾기〉,0.3
592,2023-07-23,뮤지컬 〈곤 투모로우〉,0.3
593,2023-07-23,"뮤지컬 〈알로하, 나의 엄마들〉",0.3
594,2023-07-23,뮤지컬＇하모니＇- 전주,0.3
595,2023-07-23,뮤지컬 파리넬리 - 수원,0.3
596,2023-07-23,뮤지컬 〈맘마미아!〉 - 청주,0.3
597,2023-07-23,2023 뮤지컬 〈신의 손가락〉,0.3
598,2023-07-23,쇼뮤지컬 〈드림하이〉,0.3
599,2023-07-23,뮤지컬 판타지아 - 연천,0.2
600,2023-07-24,뮤지컬 〈그날들〉 10주년 기념 공연,10.5
601,2023-07-24,뮤지컬 〈맘마미아!〉 - 구미,9.4
602,2023-07-24,뮤지컬 〈멤피스〉,8.9
603,2023-07-24,뮤지컬 〈시카고〉 25주년 기념 오리지널 내한,8.3
604,2023-07-24,뮤지컬 〈모차르트!〉,6.4
605,2023-07-24,뮤지컬 ＇벤허＇,5.9
606,2023-07-24,뮤지컬 〈오페라의 유령〉 - 서울,5.0
607,2023-07-24,태양의서커스 〈루치아〉,2.8
608,2023-07-24,뮤지컬 〈빨래〉,2.5
609,2023-07-24,뮤지컬 〈타오르는 어둠 속에서〉,2.2
610,2023-07-24,뮤지컬 〈더 테일 에이프릴 풀스〉,2.2
611,2023-07-24,뮤지컬 〈와일드 그레이〉,2.0
612,2023-07-24,뮤지컬 〈백작〉,1.9
613,2023-07-24,"뮤지컬 〈다시, 동물원〉",1.9
614,2023-07-24,"뮤지컬 〈스웨그에이지 외쳐,조선!〉",1.9
615,2023-07-24,뮤지컬 데스노트 (The Musical Death Note) - 부산,1.8
616,2023-07-24,뮤지컬 〈레베카〉 10주년 기념공연,1.4
617,2023-07-24,뮤지컬 〈라흐 헤스트〉,1.3
618,2023-07-24,와일드 와일드 〈드림〉,1.2
619,2023-07-24,뮤지컬 〈더 픽션〉,1.1
620,2023-07-24,뮤지컬 〈사칠〉,1.1
621,2023-07-24,뮤지컬 〈프리다〉,1.0
622,2023-07-24,2023 최현우 Answer,1.0
623,2023-07-24,뮤지컬 〈비스티〉,1.0
624,2023-07-24,뮤지컬 〈시카고〉 25주년 기념 오리지널 내한 - 대구,1.0
625,2023-07-24,뮤지컬 〈베르나르다 알바〉,1.0
626,2023-07-24,뮤지컬 사의찬미 10th Anniversary Concert,0.9
627,2023-07-24,뮤지컬 〈오즈〉,0.9
628,2023-07-24,난타(NANTA) - 명동공연,0.7
629,2023-07-24,뮤지컬 〈22년 2개월〉,0.7
630,2023-07-24,쇼 뮤지컬 〈시스터즈 (SheStars!)〉,0.6
631,2023-07-24,써니텐,0.6
632,2023-07-24,하트시그널,0.5
633,2023-07-24,뮤지컬 〈멸화군〉,0.5
634,2023-07-24,뮤지컬 〈트레이스 유〉,0.5
635,2023-07-24,뮤지컬 〈맘마미아!〉 - 용인,0.5
636,2023-07-24,뮤지컬 〈보이A〉,0.5
637,2023-07-24,뮤지컬 〈시카고〉 25주년 기념 오리지널 내한 - 부산,0.5
638,2023-07-24,뮤지컬 〈트레드밀〉,0.5
639,2023-07-24,뮤지컬 〈맘마미아!〉 - 안산,0.4
640,2023-07-24,"뮤지컬 〈알로하, 나의 엄마들〉",0.4
641,2023-07-24,뮤지컬 〈맘마미아!〉 - 창원,0.4
642,2023-07-24,뮤지컬 파리넬리 - 수원,0.4
643,2023-07-24,2023 뮤지컬 〈신의 손가락〉,0.4
644,2023-07-24,뮤지컬 〈곤 투모로우〉,0.3
645,2023-07-24,뮤지컬 〈맘마미아!〉 - 익산,0.3
646,2023-07-24,뮤지컬 〈맘마미아!〉 - 청주,0.3
647,2023-07-24,2023 신영숙 콘서트 ＇ 친절한 영숙씨＇,0.3
648,2023-07-24,뮤지컬 〈빨래〉 - 용인,0.3
649,2023-07-24,썬더 프롬 다운 언더 IN 서울,0.3
650,2023-07-25,"뮤지컬 〈스웨그에이지 외쳐,조선!〉",16.8
651,2023-07-25,뮤지컬 〈그날들〉 10주년 기념 공연,10.3
652,2023-07-25,뮤지컬 〈시카고〉 25주년 기념 오리지널 내한,7.7
653,2023-07-25,뮤지컬 〈멤피스〉,7.1
654,2023-07-25,뮤지컬 〈오페라의 유령〉 - 서울,5.0
655,2023-07-25,뮤지컬 〈모차르트!〉,4.1
656,2023-07-25,뮤지컬 ＇벤허＇,3.7
657,2023-07-25,뮤지컬 〈빨래〉,3.3
658,2023-07-25,태양의서커스 〈루치아〉,2.7
659,2023-07-25,뮤지컬 〈레베카〉 10주년 기념공연,2.3
660,2023-07-25,뮤지컬 〈맘마미아!〉 - 구미,2.1
661,2023-07-25,국립창극단 〈패왕별희〉,2.0
662,2023-07-25,"뮤지컬 〈다시, 동물원〉",1.7
663,2023-07-25,뮤지컬 데스노트 (The Musical Death Note) - 부산,1.6
664,2023-07-25,뮤지컬 〈라흐 헤스트〉,1.6
665,2023-07-25,뮤지컬 〈시카고〉 25주년 기념 오리지널 내한 - 대구,1.4
666,2023-07-25,뮤지컬 〈더 테일 에이프릴 풀스〉,1.3
667,2023-07-25,뮤지컬 〈프리다〉,1.3
668,2023-07-25,뮤지컬 사의찬미 10th Anniversary Concert,1.0
669,2023-07-25,와일드 와일드 〈드림〉,1.0
670,2023-07-25,뮤지컬 〈사칠〉,1.0
671,2023-07-25,뮤지컬 〈오즈〉,1.0
672,2023-07-25,국립창극단 〈심청가〉,1.0
673,2023-07-25,뮤지컬 〈백작〉,0.9
674,2023-07-25,뮤지컬 〈더 픽션〉,0.9
675,2023-07-25,뮤지컬 〈타오르는 어둠 속에서〉,0.9
676,2023-07-25,뮤지컬 〈와일드 그레이〉,0.9
677,2023-07-25,2023 최현우 Answer,0.8
678,2023-07-25,하트시그널,0.7
679,2023-07-25,뮤지컬 〈트레이스 유〉,0.7
680,2023-07-25,뮤지컬 〈비스티〉,0.7
681,2023-07-25,뮤지컬 〈맘마미아!〉 - 안산,0.6
682,2023-07-25,2023 최현우 Answer - 성남,0.5
683,2023-07-25,뮤지컬 〈베르나르다 알바〉,0.5
684,2023-07-25,난타(NANTA) - 명동공연,0.5
685,2023-07-25,뮤지컬 〈맘마미아!〉 - 용인,0.5
686,2023-07-25,쇼 뮤지컬 〈시스터즈 (SheStars!)〉,0.5
687,2023-07-25,2023 최현우 Answer - 대구,0.5
688,2023-07-25,뮤지컬 〈보이A〉,0.4
689,2023-07-25,뮤지컬 〈맘마미아!〉 - 진주,0.4
690,2023-07-25,뮤지컬 〈멸화군〉,0.4
691,2023-07-25,뮤지컬 〈맘마미아!〉 - 창원,0.4
692,2023-07-25,뮤지컬 〈맘마미아!〉 - 청주,0.4
693,2023-07-25,"뮤지컬 〈알로하, 나의 엄마들〉",0.4
694,2023-07-25,2023 뮤지컬 〈신의 손가락〉,0.4
695,2023-07-25,뮤지컬 〈맘마미아!〉 - 익산,0.4
696,2023-07-25,뮤지컬 〈곤 투모로우〉,0.4
697,2023-07-25,뮤지컬 〈시카고〉 25주년 기념 오리지널 내한 - 부산,0.3
698,2023-07-25,뮤지컬 〈트레드밀〉,0.3
699,2023-07-25,2023 신영숙 콘서트 ＇ 친절한 영숙씨＇,0.3
700,2023-07-26,뮤지컬 〈트레이스 유〉,23.8
701,2023-07-26,뮤지컬 〈멤피스〉,13.8
702,2023-07-26,뮤지컬 〈그날들〉 10주년 기념 공연,7.1
703,2023-07-26,뮤지컬 〈인사이드 윌리엄〉 2023,5.0
704,2023-07-26,"뮤지컬 〈스웨그에이지 외쳐,조선!〉",4.7
705,2023-07-26,뮤지컬 〈오페라의 유령〉 - 서울,4.2
706,2023-07-26,뮤지컬 〈더 픽션〉,3.7
707,2023-07-26,뮤지컬 〈모차르트!〉,3.1
708,2023-07-26,뮤지컬 〈멸화군〉,2.6
709,2023-07-26,뮤지컬 〈시카고〉 25주년 기념 오리지널 내한,2.5
710,2023-07-26,뮤지컬 ＇벤허＇,2.3
711,2023-07-26,태양의서커스 〈루치아〉,2.1
712,2023-07-26,뮤지컬 〈빨래〉,1.8
713,2023-07-26,뮤지컬 〈베르나르다 알바〉,1.7
714,2023-07-26,"뮤지컬 〈다시, 동물원〉",1.2
715,2023-07-26,뮤지컬 데스노트 (The Musical Death Note) - 부산,1.1
716,2023-07-26,뮤지컬 〈레베카〉 10주년 기념공연,1.0
717,2023-07-26,뮤지컬 〈맘마미아!〉 - 구미,1.0
718,2023-07-26,뮤지컬 〈시카고〉 25주년 기념 오리지널 내한 - 대구,0.9
719,2023-07-26,2023 최현우 Answer,0.7
720,2023-07-26,뮤지컬 〈더 테일 에이프릴 풀스〉,0.7
721,2023-07-26,뮤지컬 〈와일드 그레이〉,0.7
722,2023-07-26,뮤지컬 〈라흐 헤스트〉,0.6
723,2023-07-26,뮤지컬 〈프리다〉,0.6
724,2023-07-26,와일드 와일드 〈드림〉,0.6
725,2023-07-26,뮤지컬 〈오즈〉,0.6
726,2023-07-26,뮤지컬 사의찬미 10th Anniversary Concert,0.6
727,2023-07-26,난타(NANTA) - 명동공연,0.5
728,2023-07-26,뮤지컬 〈백작〉,0.5
729,2023-07-26,뮤지컬 〈트레드밀〉,0.4
730,2023-07-26,뮤지컬 〈맘마미아!〉 - 창원,0.4
731,2023-07-26,뮤지컬 〈싯다르타〉 - 속초,0.4
732,2023-07-26,2023 최현우 Answer - 대구,0.4
733,2023-07-26,뮤지컬 〈비스티〉,0.4
734,2023-07-26,써니텐,0.4
735,2023-07-26,뮤지컬 〈맘마미아!〉 - 안산,0.4
736,2023-07-26,국립창극단 〈패왕별희〉,0.3
737,2023-07-26,뮤지컬 〈타오르는 어둠 속에서〉,0.3
738,2023-07-26,뮤지컬 〈시카고〉 25주년 기념 오리지널 내한 - 부산,0.3
739,2023-07-26,뮤지컬 〈맘마미아!〉 - 세종,0.3
740,2023-07-26,썬더 프롬 다운 언더 IN 서울,0.3
741,2023-07-26,뮤지컬 〈사칠〉,0.3
742,2023-07-26,뮤지컬 〈맘마미아!〉 - 용인,0.3
743,2023-07-26,뮤지컬 〈곤 투모로우〉,0.3
744,2023-07-26,뮤지컬 〈빨래〉 - 구미,0.3
745,2023-07-26,2023 최현우 Answer - 성남,0.3
746,2023-07-26,뮤지컬 〈22년 2개월〉,0.3
747,2023-07-26,국립창극단 〈심청가〉,0.2
748,2023-07-26,쇼 뮤지컬 〈시스터즈 (SheStars!)〉,0.2
749,2023-07-26,뮤지컬 〈김종욱 찾기〉,0.2
750,2023-07-27,뮤지컬 〈멤피스〉,29.2
751,2023-07-27,뮤지컬 〈그날들〉 10주년 기념 공연,7.4
752,2023-07-27,"뮤지컬 〈스웨그에이지 외쳐,조선!〉",6.0
753,2023-07-27,뮤지컬 〈오페라의 유령〉 - 서울,4.6
754,2023-07-27,뮤지컬 〈모차르트!〉,3.8
755,2023-07-27,2023 최현우 Answer,3.3
756,2023-07-27,뮤지컬 〈인사이드 윌리엄〉 2023,2.6
757,2023-07-27,뮤지컬 〈시카고〉 25주년 기념 오리지널 내한,2.6
758,2023-07-27,태양의서커스 〈루치아〉,2.5
759,2023-07-27,뮤지컬 ＇벤허＇,2.4
760,2023-07-27,뮤지컬 〈더 픽션〉,2.1
761,2023-07-27,뮤지컬 〈빨래〉,1.8
762,2023-07-27,뮤지컬 〈맘마미아!〉 - 김해,1.8
763,2023-07-27,뮤지컬 〈맘마미아!〉 - 광주,1.8
764,2023-07-27,뮤지컬 〈베르나르다 알바〉,1.7
765,2023-07-27,뮤지컬 〈트레이스 유〉,1.6
766,2023-07-27,뮤지컬 〈레베카〉 10주년 기념공연,1.5
767,2023-07-27,뮤지컬 〈멸화군〉,1.5
768,2023-07-27,"뮤지컬 〈다시, 동물원〉",1.3
769,2023-07-27,뮤지컬 데스노트 (The Musical Death Note) - 부산,1.3
770,2023-07-27,뮤지컬 〈오즈〉,1.1
771,2023-07-27,뮤지컬 〈맘마미아!〉 - 구미,1.0
772,2023-07-27,뮤지컬 〈더 테일 에이프릴 풀스〉,0.8
773,2023-07-27,뮤지컬 〈비스티〉,0.8
774,2023-07-27,뮤지컬 사의찬미 10th Anniversary Concert,0.8
775,2023-07-27,뮤지컬 〈와일드 그레이〉,0.7
776,2023-07-27,뮤지컬 〈라흐 헤스트〉,0.7
777,2023-07-27,와일드 와일드 〈드림〉,0.6
778,2023-07-27,뮤지컬 〈시카고〉 25주년 기념 오리지널 내한 - 대구,0.6
779,2023-07-27,뮤지컬 〈맘마미아!〉 - 세종,0.5
780,2023-07-27,난타(NANTA) - 명동공연,0.5
781,2023-07-27,뮤지컬 〈트레드밀〉,0.5
782,2023-07-27,뮤지컬 〈프리다〉,0.5
783,2023-07-27,뮤지컬 〈맘마미아〉 - 수원,0.5
784,2023-07-27,뮤지컬 〈시카고〉 25주년 기념 오리지널 내한 - 부산,0.4
785,2023-07-27,뮤지컬 〈맘마미아!〉 - 창원,0.4
786,2023-07-27,뮤지컬 〈빨래〉 - 구미,0.4
787,2023-07-27,2023 최현우 Answer - 성남,0.4
788,2023-07-27,뮤지컬 〈사칠〉,0.4
789,2023-07-27,뮤지컬 〈백작〉,0.3
790,2023-07-27,뮤지컬 〈맘마미아!〉 - 용인,0.3
791,2023-07-27,국립창극단 〈패왕별희〉,0.3
792,2023-07-27,2023 최현우 Answer - 대구,0.3
793,2023-07-27,넌버벌 코미디 〈옹알스〉,0.3
794,2023-07-27,뮤지컬 〈타오르는 어둠 속에서〉,0.3
795,2023-07-27,썬더 프롬 다운 언더 IN 서울,0.3
796,2023-07-27,뮤지컬 〈곤 투모로우〉,0.3
797,2023-07-27,뮤지컬 〈맘마미아!〉 - 안산,0.3
798,2023-07-27,뮤지컬 〈맘마미아!〉 - 익산,0.3
799,2023-07-27,2023 최현우 Answer - 수원,0.2
800,2023-07-28,뮤지컬 〈멤피스〉,17.5
801,2023-07-28,뮤지컬 〈더 테일 에이프릴 풀스〉,9.5
802,2023-07-28,뮤지컬 〈그날들〉 10주년 기념 공연,8.3
803,2023-07-28,"뮤지컬 〈다시, 동물원〉",5.6
804,2023-07-28,"뮤지컬 〈스웨그에이지 외쳐,조선!〉",5.2
805,2023-07-28,뮤지컬 〈모차르트!〉,4.0
806,2023-07-28,뮤지컬 〈오페라의 유령〉 - 서울,3.8
807,2023-07-28,뮤지컬 〈시카고〉 25주년 기념 오리지널 내한,2.7
808,2023-07-28,뮤지컬 박정희 콘서트,2.3
809,2023-07-28,태양의서커스 〈루치아〉,2.2
810,2023-07-28,뮤지컬 〈베르나르다 알바〉,2.0
811,2023-07-28,2023 최현우 Answer,2.0
812,2023-07-28,뮤지컬 ＇벤허＇,2.0
813,2023-07-28,뮤지컬 〈빨래〉,1.9
814,2023-07-28,뮤지컬 〈더 픽션〉,1.8
815,2023-07-28,뮤지컬 〈멸화군〉,1.7
816,2023-07-28,뮤지컬 〈인사이드 윌리엄〉 2023,1.7
817,2023-07-28,뮤지컬 〈레베카〉 10주년 기념공연,1.5
818,2023-07-28,뮤지컬 데스노트 (The Musical Death Note) - 부산,1.2
819,2023-07-28,뮤지컬 〈라흐 헤스트〉,1.2
820,2023-07-28,뮤지컬 갈라 콘서트 HAPPY VIBE(2차 공연),1.2
821,2023-07-28,뮤지컬 〈맘마미아!〉 - 구미,1.1
822,2023-07-28,뮤지컬 갈라 콘서트 HAPPY VIBE(1차 공연),1.1
823,2023-07-28,뮤지컬 〈맘마미아〉 - 수원,1.0
824,2023-07-28,뮤지컬 〈맘마미아!〉 - 김해,0.9
825,2023-07-28,뮤지컬 〈비스티〉,0.9
826,2023-07-28,뮤지컬 〈트레이스 유〉,0.9
827,2023-07-28,뮤지컬 〈와일드 그레이〉,0.8
828,2023-07-28,와일드 와일드 〈드림〉,0.8
829,2023-07-28,뮤지컬 〈오즈〉,0.7
830,2023-07-28,뮤지컬 〈시카고〉 25주년 기념 오리지널 내한 - 대구,0.7
831,2023-07-28,뮤지컬 〈맘마미아!〉 - 광주,0.6
832,2023-07-28,뮤지컬 〈프리다〉,0.6
833,2023-07-28,난타(NANTA) - 명동공연,0.6
834,2023-07-28,국립창극단 〈패왕별희〉,0.5
835,2023-07-28,뮤지컬 〈트레드밀〉,0.5
836,2023-07-28,"뮤지컬 〈알로하, 나의 엄마들〉",0.5
837,2023-07-28,뮤지컬 〈맘마미아!〉 - 창원,0.4
838,2023-07-28,뮤지컬 〈시카고〉 25주년 기념 오리지널 내한 - 부산,0.4
839,2023-07-28,뮤지컬 〈타오르는 어둠 속에서〉,0.4
840,2023-07-28,뮤지컬 〈맘마미아!〉 - 용인,0.4
841,2023-07-28,뮤지컬 〈맘마미아!〉 - 안산,0.3
842,2023-07-28,뮤지컬 〈곤 투모로우〉,0.3
843,2023-07-28,뮤지컬 〈맘마미아!〉 - 세종,0.3
844,2023-07-28,뮤지컬 〈빨래〉 - 구미,0.3
845,2023-07-28,뮤지컬 〈맘마미아!〉 - 익산,0.3
846,2023-07-28,뮤지컬 사의찬미 10th Anniversary Concert,0.3
847,2023-07-28,썬더 프롬 다운 언더 IN 서울,0.3
848,2023-07-28,뮤지컬 〈맘마미아!〉 - 진주,0.2
849,2023-07-28,뮤지컬 〈백작〉,0.2
850,2023-07-29,뮤지컬 〈멤피스〉,14.9
851,2023-07-29,뮤지컬 〈그날들〉 10주년 기념 공연,11.3
852,2023-07-29,"뮤지컬 〈스웨그에이지 외쳐,조선!〉",7.1
853,2023-07-29,뮤지컬 〈모차르트!〉,5.0
854,2023-07-29,뮤지컬 〈더 테일 에이프릴 풀스〉,5.0
855,2023-07-29,뮤지컬 〈오페라의 유령〉 - 서울,4.6
856,2023-07-29,"뮤지컬 〈다시, 동물원〉",3.9
857,2023-07-29,뮤지컬 〈시카고〉 25주년 기념 오리지널 내한,3.6
858,2023-07-29,태양의서커스 〈루치아〉,3.1
859,2023-07-29,뮤지컬 〈빨래〉,2.8
860,2023-07-29,뮤지컬 〈맘마미아!〉 - 구미,2.3
861,2023-07-29,뮤지컬 데스노트 (The Musical Death Note) - 부산,2.1
862,2023-07-29,뮤지컬 〈레베카〉 10주년 기념공연,2.1
863,2023-07-29,뮤지컬 ＇벤허＇,2.1
864,2023-07-29,2023 최현우 Answer,1.9
865,2023-07-29,뮤지컬 〈더 픽션〉,1.6
866,2023-07-29,뮤지컬 〈맘마미아!〉 - 김해,1.3
867,2023-07-29,뮤지컬 〈오즈〉,1.3
868,2023-07-29,뮤지컬 〈인사이드 윌리엄〉 2023,1.2
869,2023-07-29,뮤지컬 〈라흐 헤스트〉,1.1
870,2023-07-29,뮤지컬 〈베르나르다 알바〉,1.1
871,2023-07-29,뮤지컬 〈시카고〉 25주년 기념 오리지널 내한 - 대구,1.1
872,2023-07-29,와일드 와일드 〈드림〉,0.9
873,2023-07-29,뮤지컬 〈비스티〉,0.9
874,2023-07-29,뮤지컬 박정희 콘서트,0.9
875,2023-07-29,뮤지컬 〈맘마미아!〉 - 광주,0.8
876,2023-07-29,뮤지컬 〈와일드 그레이〉,0.8
877,2023-07-29,뮤지컬 〈멸화군〉,0.8
878,2023-07-29,뮤지컬 〈트레드밀〉,0.7
879,2023-07-29,뮤지컬 〈맘마미아!〉 - 창원,0.6
880,2023-07-29,뮤지컬 〈시카고〉 25주년 기념 오리지널 내한 - 부산,0.6
881,2023-07-29,뮤지컬 〈곤 투모로우〉,0.6
882,2023-07-29,뮤지컬 〈프리다〉,0.6
883,2023-07-29,뮤지컬 〈트레이스 유〉,0.6
884,2023-07-29,뮤지컬 〈맘마미아!〉 - 청주,0.5
885,2023-07-29,뮤지컬 〈맘마미아!〉 - 용인,0.4
886,2023-07-29,난타(NANTA) - 명동공연,0.4
887,2023-07-29,뮤지컬 〈맘마미아〉 - 수원,0.4
888,2023-07-29,뮤지컬 〈맘마미아!〉 - 세종,0.4
889,2023-07-29,뮤지컬 〈맘마미아!〉 - 당진,0.4
890,2023-07-29,뮤지컬 〈맘마미아!〉 - 안산,0.4
891,2023-07-29,뮤지컬 〈맘마미아!〉 - 익산,0.4
892,2023-07-29,"뮤지컬 〈알로하, 나의 엄마들〉",0.4
893,2023-07-29,국립창극단 〈패왕별희〉,0.4
894,2023-07-29,뮤지컬 사의찬미 10th Anniversary Concert,0.3
895,2023-07-29,뮤지컬 〈맘마미아!〉 - 진주,0.3
896,2023-07-29,뮤지컬 〈타오르는 어둠 속에서〉,0.3
897,2023-07-29,뮤지컬 〈백작〉,0.3
898,2023-07-29,수상불꽃극 〈호수 위 우주〉 - 충주,0.3
899,2023-07-29,뮤지컬 〈파리넬리〉 - 부산,0.3
900,2023-07-30,뮤지컬 〈그날들〉 10주년 기념 공연,19.4
901,2023-07-30,뮤지컬 〈멤피스〉,12.7
902,2023-07-30,"뮤지컬 〈스웨그에이지 외쳐,조선!〉",6.2
903,2023-07-30,뮤지컬 〈오페라의 유령〉 - 서울,4.9
904,2023-07-30,뮤지컬 〈라흐 헤스트〉,3.8
905,2023-07-30,2023 최현우 Answer,3.6
906,2023-07-30,뮤지컬 〈모차르트!〉,3.5
907,2023-07-30,뮤지컬 〈시카고〉 25주년 기념 오리지널 내한,3.3
908,2023-07-30,"뮤지컬 〈다시, 동물원〉",2.9
909,2023-07-30,뮤지컬 〈더 테일 에이프릴 풀스〉,2.8
910,2023-07-30,뮤지컬 〈빨래〉,2.7
911,2023-07-30,태양의서커스 〈루치아〉,2.6
912,2023-07-30,뮤지컬 ＇벤허＇,2.0
913,2023-07-30,뮤지컬 〈레베카〉 10주년 기념공연,2.0
914,2023-07-30,뮤지컬 〈맘마미아!〉 - 구미,1.4
915,2023-07-30,뮤지컬 〈시카고〉 25주년 기념 오리지널 내한 - 대구,1.4
916,2023-07-30,뮤지컬 〈더 픽션〉,1.3
917,2023-07-30,뮤지컬 〈오즈〉,1.3
918,2023-07-30,뮤지컬 〈베르나르다 알바〉,1.2
919,2023-07-30,뮤지컬 〈인사이드 윌리엄〉 2023,1.2
920,2023-07-30,뮤지컬 〈프리다〉,1.0
921,2023-07-30,뮤지컬 〈멸화군〉,0.9
922,2023-07-30,뮤지컬 데스노트 (The Musical Death Note) - 부산,0.9
923,2023-07-30,〈섹시동안클럽〉 CONCERT - 납량특집,0.9
924,2023-07-30,뮤지컬 〈맘마미아!〉 - 세종,0.9
925,2023-07-30,뮤지컬 〈맘마미아!〉 - 김해,0.8
926,2023-07-30,뮤지컬 박정희 콘서트,0.8
927,2023-07-30,뮤지컬 〈비스티〉,0.8
928,2023-07-30,뮤지컬 〈와일드 그레이〉,0.7
929,2023-07-30,와일드 와일드 〈드림〉,0.7
930,2023-07-30,난타(NANTA) - 명동공연,0.7
931,2023-07-30,뮤지컬 〈맘마미아!〉 - 광주,0.7
932,2023-07-30,뮤지컬 〈트레이스 유〉,0.6
933,2023-07-30,뮤지컬 〈시카고〉 25주년 기념 오리지널 내한 - 부산,0.5
934,2023-07-30,뮤지컬 〈곤 투모로우〉,0.5
935,2023-07-30,뮤지컬 〈맘마미아!〉 - 창원,0.4
936,2023-07-30,뮤지컬 〈맘마미아!〉 - 청주,0.4
937,2023-07-30,뮤지컬 〈맘마미아〉 - 수원,0.4
938,2023-07-30,뮤지컬 〈트레드밀〉,0.4
939,2023-07-30,"뮤지컬 〈알로하, 나의 엄마들〉",0.4
940,2023-07-30,뮤지컬 〈타오르는 어둠 속에서〉,0.3
941,2023-07-30,뮤지컬 사의찬미 10th Anniversary Concert,0.3
942,2023-07-30,뮤지컬 〈여신님이 보고 계셔〉 10th Anniversary - 안양,0.3
943,2023-07-30,뮤지컬 〈맘마미아!〉 - 익산,0.3
944,2023-07-30,2023 최현우 Answer - 수원,0.2
945,2023-07-30,뮤지컬 〈빨래〉 - 용인,0.2
946,2023-07-30,넌버벌 코미디 〈옹알스〉,0.2
947,2023-07-30,2023 최현우 Answer - 대구,0.2
948,2023-07-30,뮤지컬 갈라 콘서트 HAPPY VIBE(1차 공연),0.2
949,2023-07-30,썬더 프롬 다운 언더 IN 서울,0.2
950,2023-07-31,뮤지컬 〈그날들〉 10주년 기념 공연,17.6
951,2023-07-31,뮤지컬 〈멤피스〉,10.8
952,2023-07-31,뮤지컬 〈칠칠〉,7.1
953,2023-07-31,뮤지컬 〈오페라의 유령〉 - 서울,4.0
954,2023-07-31,뮤지컬 〈오즈〉,3.9
955,2023-07-31,뮤지컬 〈라흐 헤스트〉,3.9
956,2023-07-31,뮤지컬 〈모차르트!〉,3.9
957,2023-07-31,"뮤지컬 〈다시, 동물원〉",3.5
958,2023-07-31,"뮤지컬 〈스웨그에이지 외쳐,조선!〉",3.1
959,2023-07-31,뮤지컬 〈시카고〉 25주년 기념 오리지널 내한,2.5
960,2023-07-31,태양의서커스 〈루치아〉,2.5
961,2023-07-31,뮤지컬 〈빨래〉,2.1
962,2023-07-31,"뮤지컬 〈스웨그에이지 외쳐,조선!〉 - 대전",2.1
963,2023-07-31,2023 최현우 Answer,1.9
964,2023-07-31,뮤지컬 〈더 테일 에이프릴 풀스〉,1.8
965,2023-07-31,뮤지컬 〈레베카〉 10주년 기념공연,1.8
966,2023-07-31,뮤지컬 〈곤 투모로우〉,1.7
967,2023-07-31,뮤지컬 ＇벤허＇,1.3
968,2023-07-31,뮤지컬 데스노트 (The Musical Death Note) - 부산,1.2
969,2023-07-31,뮤지컬 〈베르나르다 알바〉,1.2
970,2023-07-31,뮤지컬 〈왕자대전〉,1.2
971,2023-07-31,뮤지컬 〈프리다〉,1.1
972,2023-07-31,와일드 와일드 〈드림〉,1.1
973,2023-07-31,뮤지컬 〈더 픽션〉,1.0
974,2023-07-31,뮤지컬 〈시카고〉 25주년 기념 오리지널 내한 - 대구,1.0
975,2023-07-31,뮤지컬 〈비스티〉,0.9
976,2023-07-31,난타(NANTA) - 명동공연,0.8
977,2023-07-31,뮤지컬 〈와일드 그레이〉,0.7
978,2023-07-31,뮤지컬 〈맘마미아!〉 - 광주,0.7
979,2023-07-31,뮤지컬 〈맘마미아!〉 - 구미,0.7
980,2023-07-31,뮤지컬 〈트레이스 유〉,0.6
981,2023-07-31,뮤지컬 〈멸화군〉,0.6
982,2023-07-31,뮤지컬 〈맘마미아!〉 - 김해,0.5
983,2023-07-31,뮤지컬 〈맘마미아!〉 - 세종,0.5
984,2023-07-31,써니텐,0.5
985,2023-07-31,뮤지컬 〈트레드밀〉,0.4
986,2023-07-31,뮤지컬 〈백작〉,0.4
987,2023-07-31,하트시그널,0.4
988,2023-07-31,뮤지컬 〈맘마미아!〉 - 청주,0.4
989,2023-07-31,뮤지컬 〈인사이드 윌리엄〉 2023,0.4
990,2023-07-31,뮤지컬 〈김종욱 찾기〉,0.4
991,2023-07-31,뮤지컬 〈맘마미아!〉 - 창원,0.4
992,2023-07-31,뮤지컬 〈맘마미아!〉 - 익산,0.3
993,2023-07-31,뮤지컬 사의찬미 10th Anniversary Concert,0.3
994,2023-07-31,"뮤지컬 〈알로하, 나의 엄마들〉",0.3
995,2023-07-31,뮤지컬 〈맘마미아〉 - 수원,0.3
996,2023-07-31,〈섹시동안클럽〉 CONCERT - 납량특집,0.3
997,2023-07-31,썬더 프롬 다운 언더 IN 서울,0.3
998,2023-07-31,넌버벌 코미디 〈옹알스〉,0.3
999,2023-07-31,수상불꽃극 〈호수 위 우주〉 - 충주,0.3
1000,2023-08-01,뮤지컬 〈와일드 그레이〉,29.1
1001,2023-08-01,뮤지컬 〈그날들〉 10주년 기념 공연,11.2
1002,2023-08-01,뮤지컬 〈멤피스〉,7.6
1003,2023-08-01,뮤지컬 〈모차르트!〉,3.6
1004,2023-08-01,"뮤지컬 〈스웨그에이지 외쳐,조선!〉",3.6
1005,2023-08-01,뮤지컬 〈오페라의 유령〉 - 서울,3.0
1006,2023-08-01,뮤지컬 〈시카고〉 25주년 기념 오리지널 내한,2.6
1007,2023-08-01,뮤지컬 〈오즈〉,2.6
1008,2023-08-01,뮤지컬 〈빨래〉,2.4
1009,2023-08-01,뮤지컬 갈라 콘서트 HAPPY VIBE(1차 공연),2.2
1010,2023-08-01,"뮤지컬 〈다시, 동물원〉",2.0
1011,2023-08-01,뮤지컬 〈칠칠〉,2.0
1012,2023-08-01,2023 최현우 Answer,1.7
1013,2023-08-01,태양의서커스 〈루치아〉,1.6
1014,2023-08-01,뮤지컬 〈더 테일 에이프릴 풀스〉,1.3
1015,2023-08-01,뮤지컬 〈라흐 헤스트〉,1.3
1016,2023-08-01,뮤지컬 〈레베카〉 10주년 기념공연,1.2
1017,2023-08-01,뮤지컬 〈프리다〉,1.1
1018,2023-08-01,뮤지컬 〈곤 투모로우〉,1.1
1019,2023-08-01,"뮤지컬 〈스웨그에이지 외쳐,조선!〉 - 대전",1.0
1020,2023-08-01,뮤지컬 갈라 콘서트 HAPPY VIBE(2차 공연),1.0
1021,2023-08-01,뮤지컬 〈더 픽션〉,0.8
1022,2023-08-01,뮤지컬 ＇벤허＇,0.7
1023,2023-08-01,뮤지컬 데스노트 (The Musical Death Note) - 부산,0.7
1024,2023-08-01,뮤지컬 〈비스티〉,0.7
1025,2023-08-01,뮤지컬 〈트레이스 유〉,0.7
1026,2023-08-01,난타(NANTA) - 명동공연,0.7
1027,2023-08-01,와일드 와일드 〈드림〉,0.6
1028,2023-08-01,뮤지컬 〈시카고〉 25주년 기념 오리지널 내한 - 대구,0.6
1029,2023-08-01,뮤지컬 〈맘마미아!〉 - 구미,0.5
1030,2023-08-01,뮤지컬 〈맘마미아!〉 - 광주,0.5
1031,2023-08-01,뮤지컬 〈베르나르다 알바〉,0.5
1032,2023-08-01,뮤지컬 〈백작〉,0.4
1033,2023-08-01,뮤지컬 〈멸화군〉,0.4
1034,2023-08-01,뮤지컬 〈왕자대전〉,0.4
1035,2023-08-01,뮤지컬 사의찬미 10th Anniversary Concert,0.4
1036,2023-08-01,뮤지컬 〈인사이드 윌리엄〉 2023,0.4
1037,2023-08-01,뮤지컬 〈맘마미아!〉 - 김해,0.3
1038,2023-08-01,뮤지컬 〈트레드밀〉,0.3
1039,2023-08-01,뮤지컬 〈시카고〉 25주년 기념 오리지널 내한 - 부산,0.3
1040,2023-08-01,뮤지컬 〈보이A〉,0.3
1041,2023-08-01,뮤지컬 〈맘마미아!〉 - 창원,0.3
1042,2023-08-01,2023 최현우 Answer - 수원,0.3
1043,2023-08-01,"뮤지컬 〈알로하, 나의 엄마들〉",0.3
1044,2023-08-01,뮤지컬 〈맘마미아!〉 - 청주,0.3
1045,2023-08-01,〈섹시동안클럽〉 CONCERT - 납량특집,0.3
1046,2023-08-01,뮤지컬 〈구텐버그〉,0.3
1047,2023-08-01,뮤지컬 〈맘마미아〉 - 수원,0.2
1048,2023-08-01,뮤지컬 〈맘마미아!〉 - 세종,0.2
1049,2023-08-01,2023 뮤지컬 〈신의 손가락〉,0.2
1050,2023-08-02,뮤지컬 〈백작〉,20.5
1051,2023-08-02,뮤지컬 〈그날들〉 10주년 기념 공연,13.5
1052,2023-08-02,뮤지컬 〈멤피스〉,8.7
1053,2023-08-02,뮤지컬 〈모차르트!〉,4.2
1054,2023-08-02,"뮤지컬 〈스웨그에이지 외쳐,조선!〉",4.1
1055,2023-08-02,뮤지컬 〈와일드 그레이〉,3.5
1056,2023-08-02,뮤지컬 〈오페라의 유령〉 - 서울,3.3
1057,2023-08-02,뮤지컬 〈시카고〉 25주년 기념 오리지널 내한,2.7
1058,2023-08-02,태양의서커스 〈루치아〉,2.4
1059,2023-08-02,뮤지컬 〈빨래〉,2.0
1060,2023-08-02,뮤지컬 〈칠칠〉,1.9
1061,2023-08-02,뮤지컬 〈프리다〉,1.8
1062,2023-08-02,"뮤지컬 〈다시, 동물원〉",1.8
1063,2023-08-02,뮤지컬 〈멸화군〉,1.6
1064,2023-08-02,뮤지컬 〈오즈〉,1.6
1065,2023-08-02,2023 최현우 Answer,1.5
1066,2023-08-02,뮤지컬 〈레베카〉 10주년 기념공연,1.5
1067,2023-08-02,뮤지컬 〈라흐 헤스트〉,1.2
1068,2023-08-02,"뮤지컬 〈스웨그에이지 외쳐,조선!〉 - 대전",1.1
1069,2023-08-02,뮤지컬 〈곤 투모로우〉,1.1
1070,2023-08-02,뮤지컬 〈더 테일 에이프릴 풀스〉,1.0
1071,2023-08-02,뮤지컬 〈맘마미아!〉 - 구미,0.9
1072,2023-08-02,뮤지컬 〈보이A〉,0.9
1073,2023-08-02,뮤지컬 〈더 픽션〉,0.9
1074,2023-08-02,뮤지컬 〈시카고〉 25주년 기념 오리지널 내한 - 대구,0.8
1075,2023-08-02,뮤지컬 데스노트 (The Musical Death Note) - 부산,0.8
1076,2023-08-02,뮤지컬 ＇벤허＇,0.8
1077,2023-08-02,와일드 와일드 〈드림〉,0.7
1078,2023-08-02,난타(NANTA) - 명동공연,0.7
1079,2023-08-02,뮤지컬 〈맘마미아!〉 - 광주,0.6
1080,2023-08-02,뮤지컬 〈시카고〉 25주년 기념 오리지널 내한 - 부산,0.6
1081,2023-08-02,뮤지컬 〈비스티〉,0.6
1082,2023-08-02,뮤지컬 사의찬미 10th Anniversary Concert,0.6
1083,2023-08-02,뮤지컬 〈트레이스 유〉,0.5
1084,2023-08-02,뮤지컬 〈구텐버그〉,0.5
1085,2023-08-02,뮤지컬 갈라 콘서트 HAPPY VIBE(1차 공연),0.5
1086,2023-08-02,"뮤지컬 〈알로하, 나의 엄마들〉",0.4
1087,2023-08-02,뮤지컬 〈맘마미아!〉 - 창원,0.4
1088,2023-08-02,뮤지컬 〈베르나르다 알바〉,0.4
1089,2023-08-02,뮤지컬 〈맘마미아!〉 - 청주,0.4
1090,2023-08-02,뮤지컬 〈트레드밀〉,0.3
1091,2023-08-02,뮤지컬 〈왕자대전〉,0.3
1092,2023-08-02,뮤지컬 〈맘마미아!〉 - 세종,0.3
1093,2023-08-02,뮤지컬 〈맘마미아!〉 - 익산,0.3
1094,2023-08-02,뮤지컬 〈파리넬리〉 - 부산,0.3
1095,2023-08-02,뮤지컬 〈인사이드 윌리엄〉 2023,0.3
1096,2023-08-02,뮤지컬 〈맘마미아〉 - 수원,0.3
1097,2023-08-02,뮤지컬 〈전설의 리틀 농구단〉 - 안양,0.3
1098,2023-08-02,뮤지컬 〈맘마미아!〉 - 김해,0.2
1099,2023-08-02,뮤지컬 〈맘마미아!〉 - 진주,0.2
1100,2023-08-03,뮤지컬 〈트레드밀〉,19.9
1101,2023-08-03,뮤지컬 〈그날들〉 10주년 기념 공연,12.4
1102,2023-08-03,뮤지컬 〈멤피스〉,8.8
1103,2023-08-03,뮤지컬 〈모차르트!〉,3.7
1104,2023-08-03,"뮤지컬 〈스웨그에이지 외쳐,조선!〉",3.5
1105,2023-08-03,뮤지컬 〈시카고〉 25주년 기념 오리지널 내한,3.2
1106,2023-08-03,뮤지컬 〈오페라의 유령〉 - 서울,3.0
1107,2023-08-03,뮤지컬 〈빨래〉,2.8
1108,2023-08-03,태양의서커스 〈루치아〉,2.5
1109,2023-08-03,뮤지컬 〈레베카〉 10주년 기념공연,2.2
1110,2023-08-03,"뮤지컬 〈다시, 동물원〉",2.1
1111,2023-08-03,2023 최현우 Answer,2.0
1112,2023-08-03,뮤지컬 〈와일드 그레이〉,1.9
1113,2023-08-03,수상불꽃극 〈호수 위 우주〉 - 충주,1.4
1114,2023-08-03,뮤지컬 〈칠칠〉,1.4
1115,2023-08-03,뮤지컬 〈라흐 헤스트〉,1.4
1116,2023-08-03,뮤지컬 〈프리다〉,1.3
1117,2023-08-03,뮤지컬 ＇벤허＇,1.2
1118,2023-08-03,뮤지컬 〈백작〉,1.2
1119,2023-08-03,뮤지컬 〈오즈〉,1.2
1120,2023-08-03,뮤지컬 〈더 테일 에이프릴 풀스〉,1.1
1121,2023-08-03,뮤지컬 〈구텐버그〉,1.1
1122,2023-08-03,뮤지컬 데스노트 (The Musical Death Note) - 부산,0.9
1123,2023-08-03,뮤지컬 〈곤 투모로우〉,0.8
1124,2023-08-03,뮤지컬 〈맘마미아!〉 - 구미,0.8
1125,2023-08-03,뮤지컬 〈멸화군〉,0.8
1126,2023-08-03,"뮤지컬 〈스웨그에이지 외쳐,조선!〉 - 대전",0.8
1127,2023-08-03,뮤지컬 〈비스티〉,0.8
1128,2023-08-03,뮤지컬 사의찬미 10th Anniversary Concert,0.7
1129,2023-08-03,뮤지컬 〈더 픽션〉,0.7
1130,2023-08-03,와일드 와일드 〈드림〉,0.7
1131,2023-08-03,뮤지컬 〈시카고〉 25주년 기념 오리지널 내한 - 대구,0.7
1132,2023-08-03,뮤지컬〈여신님이 보고계셔〉 - 세종시,0.6
1133,2023-08-03,뮤지컬 〈맘마미아!〉 - 창원,0.6
1134,2023-08-03,뮤지컬 〈맘마미아!〉 - 안산,0.5
1135,2023-08-03,뮤지컬 〈맘마미아!〉 - 세종,0.5
1136,2023-08-03,뮤지컬 〈맘마미아!〉 - 광주,0.5
1137,2023-08-03,뮤지컬 〈트레이스 유〉,0.5
1138,2023-08-03,뮤지컬 〈베르나르다 알바〉,0.5
1139,2023-08-03,난타(NANTA) - 명동공연,0.4
1140,2023-08-03,뮤지컬 〈맘마미아〉 - 수원,0.4
1141,2023-08-03,2023 최현우 Answer - 대구,0.4
1142,2023-08-03,뮤지컬 〈맘마미아!〉 - 익산,0.4
1143,2023-08-03,"뮤지컬 〈알로하, 나의 엄마들〉",0.4
1144,2023-08-03,뮤지컬 〈파리넬리〉 - 부산,0.3
1145,2023-08-03,뮤지컬 〈시카고〉 25주년 기념 오리지널 내한 - 부산,0.3
1146,2023-08-03,2023 뮤지컬 〈신의 손가락〉,0.3
1147,2023-08-03,뮤지컬 〈이토록 보통의〉,0.3
1148,2023-08-03,뮤지컬 〈인사이드 윌리엄〉 2023,0.3
1149,2023-08-03,뮤지컬 〈파리넬리〉 - 군포,0.3
1150,2023-08-04,뮤지컬 〈라흐 헤스트〉,16.8
1151,2023-08-04,뮤지컬 〈그날들〉 10주년 기념 공연,9.9
1152,2023-08-04,뮤지컬 〈멤피스〉,8.3
1153,2023-08-04,뮤지컬 〈트레드밀〉,6.7
1154,2023-08-04,뮤지컬 렛미플라이 - 여주,5.5
1155,2023-08-04,뮤지컬 〈모차르트!〉,4.5
1156,2023-08-04,뮤지컬 〈오페라의 유령〉 - 서울,3.2
1157,2023-08-04,"뮤지컬 〈스웨그에이지 외쳐,조선!〉",3.2
1158,2023-08-04,뮤지컬 〈빨래〉,3.0
1159,2023-08-04,뮤지컬 〈시카고〉 25주년 기념 오리지널 내한,2.4
1160,2023-08-04,"뮤지컬 〈다시, 동물원〉",2.0
1161,2023-08-04,뮤지컬 〈레베카〉 10주년 기념공연,1.9
1162,2023-08-04,2023 최현우 Answer,1.9
1163,2023-08-04,뮤지컬 〈프리다〉,1.8
1164,2023-08-04,뮤지컬 〈더 테일 에이프릴 풀스〉,1.8
1165,2023-08-04,뮤지컬 〈더 픽션〉,1.6
1166,2023-08-04,태양의서커스 〈루치아〉,1.6
1167,2023-08-04,뮤지컬 데스노트 (The Musical Death Note) - 부산,1.1
1168,2023-08-04,뮤지컬 〈칠칠〉,1.1
1169,2023-08-04,뮤지컬 〈와일드 그레이〉,1.0
1170,2023-08-04,뮤지컬 〈맘마미아!〉 - 구미,1.0
1171,2023-08-04,와일드 와일드 〈드림〉,0.9
1172,2023-08-04,뮤지컬 〈시카고〉 25주년 기념 오리지널 내한 - 대구,0.9
1173,2023-08-04,뮤지컬 〈오즈〉,0.8
1174,2023-08-04,뮤지컬 〈곤 투모로우〉,0.8
1175,2023-08-04,뮤지컬 〈구텐버그〉,0.8
1176,2023-08-04,"뮤지컬 〈스웨그에이지 외쳐,조선!〉 - 대전",0.7
1177,2023-08-04,뮤지컬 〈비스티〉,0.7
1178,2023-08-04,뮤지컬 〈맘마미아!〉 - 광주,0.7
1179,2023-08-04,뮤지컬 ＇벤허＇,0.7
1180,2023-08-04,난타(NANTA) - 명동공연,0.7
1181,2023-08-04,뮤지컬〈여신님이 보고계셔〉 - 세종시,0.6
1182,2023-08-04,뮤지컬 〈트레이스 유〉,0.6
1183,2023-08-04,뮤지컬 사의찬미 10th Anniversary Concert,0.5
1184,2023-08-04,수상불꽃극 〈호수 위 우주〉 - 충주,0.5
1185,2023-08-04,뮤지컬 〈시카고〉 25주년 기념 오리지널 내한 - 부산,0.4
1186,2023-08-04,뮤지컬 〈맘마미아!〉 - 익산,0.4
1187,2023-08-04,뮤지컬 〈멸화군〉,0.4
1188,2023-08-04,뮤지컬 〈김종욱 찾기〉,0.4
1189,2023-08-04,뮤지컬 〈인사이드 윌리엄〉 2023,0.4
1190,2023-08-04,뮤지컬 〈맘마미아!〉 - 세종,0.4
1191,2023-08-04,뮤지컬 〈맘마미아!〉 - 청주,0.4
1192,2023-08-04,뮤지컬 〈파리넬리〉 - 부산,0.3
1193,2023-08-04,뮤지컬 〈맘마미아!〉 - 김해,0.3
1194,2023-08-04,뮤지컬 〈맘마미아!〉 - 창원,0.3
1195,2023-08-04,뮤지컬 〈백작〉,0.3
1196,2023-08-04,뮤지컬 〈맘마미아!〉 - 안산,0.3
1197,2023-08-04,뮤지컬 〈베르나르다 알바〉,0.3
1198,2023-08-04,뮤지컬 〈맘마미아!〉 - 당진,0.3
1199,2023-08-04,2023 최현우 Answer - 수원,0.3
1200,2023-08-05,뮤지컬 〈그날들〉 10주년 기념 공연,15.1
1201,2023-08-05,뮤지컬 〈라흐 헤스트〉,10.2
1202,2023-08-05,뮤지컬 〈멤피스〉,9.6
1203,2023-08-05,뮤지컬 〈트레드밀〉,5.3
1204,2023-08-05,뮤지컬 〈모차르트!〉,4.4
1205,2023-08-05,뮤지컬 〈오페라의 유령〉 - 서울,4.3
1206,2023-08-05,"뮤지컬 〈스웨그에이지 외쳐,조선!〉",3.7
1207,2023-08-05,뮤지컬 〈빨래〉,3.7
1208,2023-08-05,뮤지컬 〈더 픽션〉,2.4
1209,2023-08-05,뮤지컬 〈레베카〉 10주년 기념공연,2.1
1210,2023-08-05,뮤지컬 〈프리다〉,2.1
1211,2023-08-05,뮤지컬 〈더 테일 에이프릴 풀스〉,2.1
1212,2023-08-05,뮤지컬 〈시카고〉 25주년 기념 오리지널 내한,1.9
1213,2023-08-05,"뮤지컬 〈다시, 동물원〉",1.9
1214,2023-08-05,태양의서커스 〈루치아〉,1.7
1215,2023-08-05,2023 최현우 Answer,1.5
1216,2023-08-05,뮤지컬 〈맘마미아!〉 - 광주,1.3
1217,2023-08-05,뮤지컬 〈구텐버그〉,1.3
1218,2023-08-05,뮤지컬 〈오즈〉,1.3
1219,2023-08-05,뮤지컬 〈시카고〉 25주년 기념 오리지널 내한 - 대구,1.2
1220,2023-08-05,와일드 와일드 〈드림〉,1.2
1221,2023-08-05,뮤지컬 ＇벤허＇,1.1
1222,2023-08-05,뮤지컬 〈와일드 그레이〉,1.0
1223,2023-08-05,뮤지컬 〈맘마미아!〉 - 세종,1.0
1224,2023-08-05,"뮤지컬 〈스웨그에이지 외쳐,조선!〉 - 대전",1.0
1225,2023-08-05,뮤지컬 〈곤 투모로우〉,0.9
1226,2023-08-05,뮤지컬 〈비스티〉,0.9
1227,2023-08-05,뮤지컬 〈시카고〉 25주년 기념 오리지널 내한 - 부산,0.8
1228,2023-08-05,뮤지컬 〈맘마미아!〉 - 구미,0.8
1229,2023-08-05,뮤지컬 〈맘마미아!〉 - 김해,0.8
1230,2023-08-05,난타(NANTA) - 명동공연,0.8
1231,2023-08-05,뮤지컬 렛미플라이 - 여주,0.7
1232,2023-08-05,뮤지컬 〈칠칠〉,0.6
1233,2023-08-05,뮤지컬 〈맘마미아!〉 - 창원,0.6
1234,2023-08-05,뮤지컬 〈백작〉,0.5
1235,2023-08-05,뮤지컬 〈맘마미아!〉 - 청주,0.5
1236,2023-08-05,뮤지컬 〈멸화군〉,0.4
1237,2023-08-05,뮤지컬 〈베르나르다 알바〉,0.4
1238,2023-08-05,뮤지컬〈여신님이 보고계셔〉 - 세종시,0.4
1239,2023-08-05,뮤지컬 〈맘마미아〉 - 수원,0.4
1240,2023-08-05,뮤지컬 〈트레이스 유〉,0.4
1241,2023-08-05,2023 신영숙 콘서트 ＇ 친절한 영숙씨＇,0.3
1242,2023-08-05,뮤지컬 〈맘마미아!〉 - 당진,0.3
1243,2023-08-05,뮤지컬 〈맘마미아!〉 - 안산,0.3
1244,2023-08-05,뮤지컬 〈인사이드 윌리엄〉 2023,0.3
1245,2023-08-05,뮤지컬 〈왕자대전〉,0.3
1246,2023-08-05,수상불꽃극 〈호수 위 우주〉 - 충주,0.3
1247,2023-08-05,〈섹시동안클럽〉 CONCERT - 납량특집,0.3
1248,2023-08-05,뮤지컬 〈싯다르타〉 - 속초,0.3
1249,2023-08-05,트로트 뮤지컬 〈트리아웃〉 - 화성,0.3
1250,2023-08-06,뮤지컬 〈그날들〉 10주년 기념 공연,15.4
1251,2023-08-06,뮤지컬 〈라흐 헤스트〉,8.9
1252,2023-08-06,뮤지컬 〈멤피스〉,8.7
1253,2023-08-06,뮤지컬 〈트레드밀〉,7.2
1254,2023-08-06,"뮤지컬 〈스웨그에이지 외쳐,조선!〉",5.9
1255,2023-08-06,뮤지컬 〈모차르트!〉,4.8
1256,2023-08-06,뮤지컬 〈오페라의 유령〉 - 서울,4.1
1257,2023-08-06,뮤지컬 〈더 테일 에이프릴 풀스〉,2.2
1258,2023-08-06,태양의서커스 〈루치아〉,2.1
1259,2023-08-06,뮤지컬 〈빨래〉,2.0
1260,2023-08-06,뮤지컬 〈레베카〉 10주년 기념공연,2.0
1261,2023-08-06,2023 최현우 Answer,1.8
1262,2023-08-06,뮤지컬 〈프리다〉,1.8
1263,2023-08-06,"뮤지컬 〈다시, 동물원〉",1.8
1264,2023-08-06,뮤지컬 〈더 픽션〉,1.8
1265,2023-08-06,뮤지컬 〈와일드 그레이〉,1.6
1266,2023-08-06,뮤지컬 〈시카고〉 25주년 기념 오리지널 내한 - 대구,1.5
1267,2023-08-06,뮤지컬 〈멸화군〉,1.5
1268,2023-08-06,뮤지컬 〈오즈〉,1.4
1269,2023-08-06,뮤지컬 ＇벤허＇,1.4
1270,2023-08-06,뮤지컬 〈시카고〉 25주년 기념 오리지널 내한,1.4
1271,2023-08-06,뮤지컬 〈곤 투모로우〉,1.1
1272,2023-08-06,"뮤지컬 〈스웨그에이지 외쳐,조선!〉 - 대전",1.1
1273,2023-08-06,뮤지컬 〈비스티〉,1.0
1274,2023-08-06,와일드 와일드 〈드림〉,1.0
1275,2023-08-06,뮤지컬 〈맘마미아!〉 - 광주,1.0
1276,2023-08-06,뮤지컬 〈구텐버그〉,1.0
1277,2023-08-06,뮤지컬 렛미플라이 - 여주,0.9
1278,2023-08-06,뮤지컬 〈맘마미아!〉 - 세종,0.8
1279,2023-08-06,뮤지컬 〈칠칠〉,0.7
1280,2023-08-06,뮤지컬 〈맘마미아〉 - 수원,0.6
1281,2023-08-06,난타(NANTA) - 명동공연,0.6
1282,2023-08-06,뮤지컬 〈시카고〉 25주년 기념 오리지널 내한 - 부산,0.5
1283,2023-08-06,뮤지컬 〈백작〉,0.5
1284,2023-08-06,뮤지컬 〈맘마미아!〉 - 김해,0.5
1285,2023-08-06,2023 신영숙 콘서트 ＇ 친절한 영숙씨＇,0.5
1286,2023-08-06,뮤지컬 〈맘마미아!〉 - 구미,0.5
1287,2023-08-06,뮤지컬 〈맘마미아!〉 - 창원,0.4
1288,2023-08-06,뮤지컬 〈트레이스 유〉,0.4
1289,2023-08-06,뮤지컬 〈맘마미아!〉 - 청주,0.4
1290,2023-08-06,뮤지컬 〈파리넬리〉 - 부산,0.4
1291,2023-08-06,뮤지컬 파리넬리 - 수원,0.4
1292,2023-08-06,뮤지컬 〈보이A〉,0.4
1293,2023-08-06,"뮤지컬 〈알로하, 나의 엄마들〉",0.3
1294,2023-08-06,뮤지컬〈여신님이 보고계셔〉 - 세종시,0.3
1295,2023-08-06,뮤지컬 〈맘마미아!〉 - 안산,0.3
1296,2023-08-06,2023 최현우 Answer - 수원,0.3
1297,2023-08-06,뮤지컬 〈타오르는 어둠 속에서〉,0.3
1298,2023-08-06,트로트 뮤지컬 〈트리아웃〉 - 화성,0.3
1299,2023-08-06,2023 최현우 Answer - 성남,0.3
1300,2023-08-07,뮤지컬 〈사칠〉,13.3
1301,2023-08-07,뮤지컬 〈그날들〉 10주년 기념 공연,10.1
1302,2023-08-07,뮤지컬 〈멤피스〉,9.5
1303,2023-08-07,뮤지컬 〈모차르트!〉,5.4
1304,2023-08-07,뮤지컬 〈트레드밀〉,4.8
1305,2023-08-07,뮤지컬 〈라흐 헤스트〉,4.7
1306,2023-08-07,뮤지컬 〈오페라의 유령〉 - 서울,4.5
1307,2023-08-07,뮤지컬 〈빨래〉,2.6
1308,2023-08-07,쥬크박스 뮤지컬 트리아웃 - 함양,2.4
1309,2023-08-07,뮤지컬 〈레베카〉 10주년 기념공연,2.4
1310,2023-08-07,"뮤지컬 〈스웨그에이지 외쳐,조선!〉",2.3
1311,2023-08-07,"뮤지컬 〈다시, 동물원〉",2.3
1312,2023-08-07,뮤지컬 〈구텐버그〉,2.3
1313,2023-08-07,태양의서커스 〈루치아〉,2.2
1314,2023-08-07,뮤지컬 〈와일드 그레이〉,1.8
1315,2023-08-07,뮤지컬 〈프리다〉,1.7
1316,2023-08-07,뮤지컬 〈더 테일 에이프릴 풀스〉,1.5
1317,2023-08-07,2023 최현우 Answer,1.4
1318,2023-08-07,뮤지컬 〈시카고〉 25주년 기념 오리지널 내한 - 대구,1.4
1319,2023-08-07,뮤지컬 〈맘마미아!〉 - 구미,1.4
1320,2023-08-07,뮤지컬 〈더 픽션〉,1.2
1321,2023-08-07,뮤지컬 〈오즈〉,1.2
1322,2023-08-07,뮤지컬 〈맘마미아!〉 - 세종,1.0
1323,2023-08-07,뮤지컬 〈곤 투모로우〉,1.0
1324,2023-08-07,뮤지컬 〈맘마미아!〉 - 광주,0.9
1325,2023-08-07,뮤지컬 ＇벤허＇,0.9
1326,2023-08-07,뮤지컬 〈맘마미아!〉 - 청주,0.8
1327,2023-08-07,뮤지컬 〈비스티〉,0.8
1328,2023-08-07,와일드 와일드 〈드림〉,0.8
1329,2023-08-07,뮤지컬 〈멸화군〉,0.8
1330,2023-08-07,"뮤지컬 〈스웨그에이지 외쳐,조선!〉 - 대전",0.7
1331,2023-08-07,뮤지컬 〈시카고〉 25주년 기념 오리지널 내한 - 부산,0.6
1332,2023-08-07,뮤지컬 〈백작〉,0.5
1333,2023-08-07,뮤지컬 렛미플라이 - 여주,0.5
1334,2023-08-07,뮤지컬 〈맘마미아!〉 - 창원,0.5
1335,2023-08-07,뮤지컬〈여신님이 보고계셔〉 - 세종시,0.4
1336,2023-08-07,뮤지컬 〈트레이스 유〉,0.4
1337,2023-08-07,뮤지컬 〈칠칠〉,0.4
1338,2023-08-07,뮤지컬 〈파리넬리〉 - 부산,0.4
1339,2023-08-07,난타(NANTA) - 명동공연,0.4
1340,2023-08-07,쇼 뮤지컬 〈시스터즈 (SheStars!)〉,0.4
1341,2023-08-07,뮤지컬 〈타오르는 어둠 속에서〉,0.4
1342,2023-08-07,뮤지컬 〈맘마미아!〉 - 안산,0.3
1343,2023-08-07,2023 신영숙 콘서트 ＇ 친절한 영숙씨＇,0.3
1344,2023-08-07,2023 뮤지컬 〈신의 손가락〉,0.3
1345,2023-08-07,뮤지컬 〈인사이드 윌리엄〉 2023,0.3
1346,2023-08-07,뮤지컬 파리넬리 - 수원,0.3
1347,2023-08-07,2023 최현우 Answer - 대구,0.3
1348,2023-08-07,2023 최현우 Answer - 수원,0.3
1349,2023-08-07,뮤지컬 〈맘마미아!〉 - 김해,0.3
1350,2023-08-08,뮤지컬 〈레베카〉 10주년 기념공연,48.9
1351,2023-08-08,뮤지컬 〈후크〉,15.0
1352,2023-08-08,뮤지컬 〈구텐버그〉,6.1
1353,2023-08-08,뮤지컬 〈킴즈〉,3.3
1354,2023-08-08,뮤지컬 〈멤피스〉,3.0
1355,2023-08-08,뮤지컬 〈그날들〉 10주년 기념 공연,3.0
1356,2023-08-08,뮤지컬 파리넬리 - 오산,2.1
1357,2023-08-08,뮤지컬 〈라흐 헤스트〉,1.5
1358,2023-08-08,뮤지컬 〈오페라의 유령〉 - 서울,1.4
1359,2023-08-08,뮤지컬 〈사칠〉,1.1
1360,2023-08-08,뮤지컬 〈모차르트!〉,1.0
1361,2023-08-08,뮤지컬 〈트레드밀〉,1.0
1362,2023-08-08,태양의서커스 〈루치아〉,0.8
1363,2023-08-08,뮤지컬 〈빨래〉,0.8
1364,2023-08-08,뮤지컬 〈와일드 그레이〉,0.6
1365,2023-08-08,"뮤지컬 〈다시, 동물원〉",0.5
1366,2023-08-08,2023 최현우 Answer,0.5
1367,2023-08-08,뮤지컬 〈프리다〉,0.5
1368,2023-08-08,뮤지컬 ＇벤허＇,0.5
1369,2023-08-08,뮤지컬 〈비스티〉,0.4
1370,2023-08-08,"뮤지컬 〈스웨그에이지 외쳐,조선!〉",0.4
1371,2023-08-08,뮤지컬 〈오즈〉,0.4
1372,2023-08-08,뮤지컬 〈맘마미아!〉 - 광주,0.4
1373,2023-08-08,뮤지컬 〈시카고〉 25주년 기념 오리지널 내한 - 대구,0.4
1374,2023-08-08,뮤지컬 〈멸화군〉,0.4
1375,2023-08-08,뮤지컬 〈더 픽션〉,0.4
1376,2023-08-08,뮤지컬 〈곤 투모로우〉,0.3
1377,2023-08-08,뮤지컬 〈시카고〉 25주년 기념 오리지널 내한 - 부산,0.3
1378,2023-08-08,뮤지컬 〈더 테일 에이프릴 풀스〉,0.3
1379,2023-08-08,뮤지컬 〈맘마미아!〉 - 청주,0.2
1380,2023-08-08,와일드 와일드 〈드림〉,0.2
1381,2023-08-08,뮤지컬 〈맘마미아!〉 - 구미,0.2
1382,2023-08-08,뮤지컬 〈트레이스 유〉,0.2
1383,2023-08-08,쇼 뮤지컬 〈시스터즈 (SheStars!)〉,0.2
1384,2023-08-08,"뮤지컬 〈알로하, 나의 엄마들〉",0.2
1385,2023-08-08,뮤지컬 〈백작〉,0.2
1386,2023-08-08,수상불꽃극 〈호수 위 우주〉 - 충주,0.2
1387,2023-08-08,2023 뮤지컬 〈신의 손가락〉,0.2
1388,2023-08-08,하트시그널,0.2
1389,2023-08-08,"뮤지컬 〈스웨그에이지 외쳐,조선!〉 - 대전",0.1
1390,2023-08-08,뮤지컬 〈타오르는 어둠 속에서〉,0.1
1391,2023-08-08,난타(NANTA) - 명동공연,0.1
1392,2023-08-08,뮤지컬 〈맘마미아!〉 - 김해,0.1
1393,2023-08-08,뮤지컬 〈맘마미아!〉 - 창원,0.1
1394,2023-08-08,뮤지컬 〈칠칠〉,0.1
1395,2023-08-08,쥬크박스 뮤지컬 트리아웃 - 함양,0.1
1396,2023-08-08,뮤지컬 〈맘마미아〉 - 수원,0.1
1397,2023-08-08,뮤지컬 〈맘마미아!〉 - 안산,0.1
1398,2023-08-08,뮤지컬 〈맘마미아!〉 - 세종,0.1
1399,2023-08-08,더 맨 얼라이브 〈초이스〉,0.1
1400,2023-08-09,뮤지컬 〈레미제라블〉 - 부산,32.6
1401,2023-08-09,뮤지컬 〈쇼맨_어느 독재자의 네 번째 대역배우〉,14.9
1402,2023-08-09,뮤지컬 〈레베카〉 10주년 기념공연,14.6
1403,2023-08-09,뮤지컬 〈삼총사〉,8.3
1404,2023-08-09,뮤지컬 〈멤피스〉,3.9
1405,2023-08-09,뮤지컬 〈그날들〉 10주년 기념 공연,3.2
1406,2023-08-09,뮤지컬 〈더 픽션〉,2.4
1407,2023-08-09,뮤지컬 〈오페라의 유령〉 - 서울,1.2
1408,2023-08-09,뮤지컬 〈라흐 헤스트〉,1.1
1409,2023-08-09,뮤지컬 〈빨래〉,1.0
1410,2023-08-09,뮤지컬 〈모차르트!〉,1.0
1411,2023-08-09,뮤지컬 〈프리다〉,0.9
1412,2023-08-09,뮤지컬 〈사칠〉,0.9
1413,2023-08-09,뮤지컬 〈와일드 그레이〉,0.7
1414,2023-08-09,뮤지컬 〈구텐버그〉,0.7
1415,2023-08-09,뮤지컬 〈후크〉,0.6
1416,2023-08-09,태양의서커스 〈루치아〉,0.6
1417,2023-08-09,"뮤지컬 〈스웨그에이지 외쳐,조선!〉",0.6
1418,2023-08-09,"뮤지컬 〈다시, 동물원〉",0.6
1419,2023-08-09,뮤지컬 파리넬리 - 오산,0.5
1420,2023-08-09,와일드 와일드 〈드림〉,0.5
1421,2023-08-09,뮤지컬 〈트레드밀〉,0.5
1422,2023-08-09,2023 최현우 Answer,0.5
1423,2023-08-09,2023 뮤지컬 〈신의 손가락〉,0.5
1424,2023-08-09,뮤지컬 ＇벤허＇,0.4
1425,2023-08-09,뮤지컬 〈곤 투모로우〉,0.4
1426,2023-08-09,뮤지컬 〈시카고〉 25주년 기념 오리지널 내한 - 대구,0.3
1427,2023-08-09,뮤지컬 〈오즈〉,0.3
1428,2023-08-09,뮤지컬 〈시카고〉 25주년 기념 오리지널 내한 - 부산,0.3
1429,2023-08-09,뮤지컬 〈더 테일 에이프릴 풀스〉,0.3
1430,2023-08-09,뮤지컬 〈맘마미아!〉 - 세종,0.3
1431,2023-08-09,난타(NANTA) - 명동공연,0.3
1432,2023-08-09,뮤지컬 〈맘마미아!〉 - 광주,0.2
1433,2023-08-09,뮤지컬 〈멸화군〉,0.2
1434,2023-08-09,뮤지컬 〈비스티〉,0.2
1435,2023-08-09,뮤지컬 〈킴즈〉,0.2
1436,2023-08-09,뮤지컬 〈트레이스 유〉,0.2
1437,2023-08-09,뮤지컬 〈맘마미아!〉 - 창원,0.2
1438,2023-08-09,뮤지컬 〈맘마미아!〉 - 청주,0.2
1439,2023-08-09,뮤지컬 〈맘마미아!〉 - 구미,0.2
1440,2023-08-09,"뮤지컬 〈스웨그에이지 외쳐,조선!〉 - 대전",0.2
1441,2023-08-09,쇼 뮤지컬 〈시스터즈 (SheStars!)〉,0.1
1442,2023-08-09,뮤지컬 〈타오르는 어둠 속에서〉,0.1
1443,2023-08-09,수상불꽃극 〈호수 위 우주〉 - 충주,0.1
1444,2023-08-09,뮤지컬 〈파리넬리〉 - 부산,0.1
1445,2023-08-09,뮤지컬 〈보이A〉,0.1
1446,2023-08-09,뮤지컬 〈백작〉,0.1
1447,2023-08-09,뮤지컬 〈맘마미아!〉 - 김해,0.1
1448,2023-08-09,뮤지컬 〈맘마미아!〉 - 당진,0.1
1449,2023-08-09,뮤지컬 〈여신님이 보고 계셔〉 10th Anniversary - 안양,0.1
1450,2023-08-10,뮤지컬 〈레베카〉 10주년 기념공연,28.3
1451,2023-08-10,뮤지컬 〈멤피스〉,19.7
1452,2023-08-10,뮤지컬 〈레미제라블〉 - 부산,9.0
1453,2023-08-10,뮤지컬 〈프리다〉,7.6
1454,2023-08-10,뮤지컬 〈삼총사〉,3.1
1455,2023-08-10,뮤지컬 〈그날들〉 10주년 기념 공연,3.0
1456,2023-08-10,뮤지컬 〈모차르트!〉,2.5
1457,2023-08-10,뮤지컬 〈오페라의 유령〉 - 서울,1.8
1458,2023-08-10,뮤지컬 〈라흐 헤스트〉,1.7
1459,2023-08-10,뮤지컬 〈쇼맨_어느 독재자의 네 번째 대역배우〉,1.7
1460,2023-08-10,뮤지컬 파리넬리 - 오산,1.5
1461,2023-08-10,뮤지컬 〈더 픽션〉,1.3
1462,2023-08-10,뮤지컬 〈곤 투모로우〉,1.2
1463,2023-08-10,뮤지컬 〈구텐버그〉,1.1
1464,2023-08-10,"뮤지컬 〈스웨그에이지 외쳐,조선!〉",1.0
1465,2023-08-10,뮤지컬 〈빨래〉,1.0
1466,2023-08-10,태양의서커스 〈루치아〉,0.9
1467,2023-08-10,뮤지컬 〈사칠〉,0.8
1468,2023-08-10,뮤지컬 〈더 테일 에이프릴 풀스〉,0.8
1469,2023-08-10,뮤지컬 〈와일드 그레이〉,0.7
1470,2023-08-10,뮤지컬 〈백작〉,0.5
1471,2023-08-10,뮤지컬 〈시카고〉 25주년 기념 오리지널 내한 - 대구,0.5
1472,2023-08-10,뮤지컬 〈트레드밀〉,0.5
1473,2023-08-10,뮤지컬 ＇벤허＇,0.4
1474,2023-08-10,뮤지컬 〈비스티〉,0.4
1475,2023-08-10,뮤지컬 〈오즈〉,0.4
1476,2023-08-10,2023 최현우 Answer,0.4
1477,2023-08-10,뮤지컬 〈후크〉,0.4
1478,2023-08-10,뮤지컬 〈맘마미아!〉 - 청주,0.4
1479,2023-08-10,"뮤지컬 〈알로하, 나의 엄마들〉",0.4
1480,2023-08-10,뮤지컬 〈맘마미아!〉 - 광주,0.3
1481,2023-08-10,뮤지컬 〈멸화군〉,0.3
1482,2023-08-10,"뮤지컬 〈다시, 동물원〉",0.3
1483,2023-08-10,뮤지컬 〈파리넬리〉 - 부산,0.3
1484,2023-08-10,뮤지컬 〈시카고〉 25주년 기념 오리지널 내한 - 부산,0.3
1485,2023-08-10,난타(NANTA) - 명동공연,0.3
1486,2023-08-10,뮤지컬 〈킴즈〉,0.2
1487,2023-08-10,"뮤지컬 〈스웨그에이지 외쳐,조선!〉 - 대전",0.2
1488,2023-08-10,2023 신영숙 콘서트 ＇ 친절한 영숙씨＇,0.2
1489,2023-08-10,뮤지컬 〈맘마미아!〉 - 구미,0.2
1490,2023-08-10,뮤지컬 〈칠칠〉,0.2
1491,2023-08-10,뮤지컬 〈타오르는 어둠 속에서〉,0.2
1492,2023-08-10,뮤지컬 렛미플라이 - 여주,0.2
1493,2023-08-10,뮤지컬 〈맘마미아〉 - 수원,0.2
1494,2023-08-10,뮤지컬 〈맘마미아!〉 - 세종,0.2
1495,2023-08-10,와일드 와일드 〈드림〉,0.2
1496,2023-08-10,뮤지컬 〈보이A〉,0.2
1497,2023-08-10,뮤지컬 〈김종욱 찾기〉,0.2
1498,2023-08-10,뮤지컬 〈트레이스 유〉,0.2
1499,2023-08-10,뮤지컬 파리넬리 - 수원,0.2
