,이름,구,주소,상표,휘발유 가격,경유 가격,세차장,충전소,경정비,편의점,24시영업
0,(주)보성 세곡주유소,강남구,서울 강남구  헌릉로 731 (세곡동),SK에너지,"1,719","1,599",o,x,x,x,x
1,HD현대오일뱅크㈜직영 산성셀프주유소,강남구,서울 강남구 헌릉로 730,HD현대오일뱅크,"1,739","1,600",o,x,x,x,x
2,방죽주유소,강남구,서울 강남구 밤고개로 215 (율현동),GS칼텍스,"1,757","1,659",o,x,x,x,x
3,자곡셀프주유소,강남구,서울 강남구 밤고개로 120 (자곡동),SK에너지,"1,761","1,664",o,x,x,x,x
4,HD현대오일뱅크㈜직영 도곡셀프주유소,강남구,서울 강남구  남부순환로 2718 (도곡2동),HD현대오일뱅크,"1,769","1,659",o,x,o,x,x
5,오일프러스 셀프,강남구,서울 강남구 남부순환로 2651 (도곡동),SK에너지,"1,780","1,674",o,x,o,x,o
6,HD현대오일뱅크㈜직영 유진주유소,강남구,서울 강남구 논현로 152 (도곡동),HD현대오일뱅크,"1,784","1,674",o,x,o,x,x
7,SK서광주유소,강남구,서울 강남구 역삼로 142,SK에너지,"1,795","1,695",o,x,o,x,o
8,극동유화㈜ 개나리주유소,강남구,서울 강남구 언주로 423 (역삼동),S-OIL,"1,800","1,684",o,x,o,x,o
9,(주)선진도곡주유소,강남구,서울 강남구 도곡로 162 (도곡동),S-OIL,"1,809","1,719",o,x,o,x,x
10,(주)중앙에너비스 수서지점,강남구,서울 강남구 광평로 202 (수서동),SK에너지,"1,815","1,697",o,x,x,x,x
11,일원주유소,강남구,서울 강남구 양재대로55길 3 (일원동),S-OIL,"1,815","1,719",x,x,x,x,x
12,지에스칼텍스㈜에너지플러스허브GS타워,강남구,서울 강남구 논현로 516 (역삼동),GS칼텍스,"1,819","1,789",x,x,o,x,o
13,대교셀프주유소,강남구,서울 강남구 강남대로 640 (신사동),SK에너지,"1,820","1,780",x,x,x,x,o
14,삼성동주유소,강남구,서울 강남구 테헤란로 619 (삼성동),HD현대오일뱅크,"1,825","1,725",o,x,x,x,x
15,SK에너지㈜ 진달래주유소,강남구,서울 강남구 도곡로 208,SK에너지,"1,839","1,769",o,x,x,x,x
16,SK에너지(주) 매봉주유소,강남구,서울 강남구 언주로 307,SK에너지,"1,849","1,789",o,x,o,x,x
17,(유)동하석유 힐탑셀프주유소,강남구,서울 강남구 논현로 640,SK에너지,"1,857","1,797",o,x,x,x,o
18,대동석유 압구정주유소,강남구,서울 강남구 언주로 842 (신사동),SK에너지,"1,867","1,797",o,x,x,x,o
19,에스제이에너지산업(주) 개포주유소,강남구,서울 강남구 양재대로 339,GS칼텍스,"1,898","1,858",o,x,x,x,x
20,HD현대오일뱅크㈜직영 신사현대주유소,강남구,서울 강남구 도산대로 163 (신사동),HD현대오일뱅크,"2,018","1,949",o,x,x,x,x
21,지에스칼텍스㈜ 은마주유소,강남구,서울 강남구 영동대로 235,GS칼텍스,"2,030","1,935",o,x,o,x,o
22,HD현대오일뱅크㈜직영 한양주유소,강남구,서울 강남구 압구정로 302 (신사동),HD현대오일뱅크,"2,088","2,024",o,x,x,x,x
23,지에스칼텍스(주)학여울주유소,강남구,서울 강남구 남부순환로 3170 (일원2동),GS칼텍스,"2,098","1,999",o,x,x,x,x
24,지에스칼텍스㈜ 삼성로주유소,강남구,서울 강남구 삼성로 563 (삼성동),GS칼텍스,"2,130","1,999",o,x,x,x,o
25,대성석유(주)동호주유소,강남구,서울 강남구 봉은사로113길 51,GS칼텍스,"2,149","2,042",o,x,x,x,x
26,대청주유소,강남구,서울 강남구 개포로 654 (일원동),SK에너지,"2,226","2,119",o,x,x,x,x
27,명품주유소,강남구,서울 강남구 도곡로 249 (역삼동),S-OIL,"2,238","2,057",o,x,x,x,o
28,(주)소모 쎈트럴주유소,강남구,서울 강남구 삼성로 335,GS칼텍스,"2,247","2,137",o,x,x,x,x
29,㈜새서울석유 새서울주유소,강남구,서울 강남구 압구정로 154,HD현대오일뱅크,"2,258","2,098",o,x,x,x,o
30,갤러리아주유소,강남구,서울 강남구 압구정로 426,SK에너지,"2,280","2,139",o,x,x,x,x
31,SK논현주유소,강남구,서울 강남구 논현로 747 (논현동),SK에너지,"2,283","2,135",o,x,o,x,o
32,(주)제이제이네트웍스 제이제이주유소,강남구,서울 강남구 언주로 716,HD현대오일뱅크,"2,398","2,197",o,x,x,x,o
33,(주)만정에너지 삼보주유소,강남구,서울 강남구 봉은사로 433 (삼성동),GS칼텍스,"2,578","2,540",o,x,x,x,x
34,재건에너지 재정제2주유소 고속셀프지점,강동구,서울특별시 강동구  천호대로 1246 (둔촌제2동),HD현대오일뱅크,"1,749","1,639",o,x,x,x,x
35,구천면주유소,강동구,서울 강동구 구천면로 357 (암사동),HD현대오일뱅크,"1,774","1,655",x,x,x,x,x
36,방아다리주유소,강동구,서울 강동구 동남로 811 (명일동),SK에너지,"1,785","1,685",o,x,x,x,x
37,주)지유에너지직영 오렌지주유소,강동구,서울 강동구 성안로 102 (성내동),SK에너지,"1,785","1,685",o,x,o,x,x
38,명일주유소,강동구,서울 강동구 고덕로 168 (명일동),SK에너지,"1,785","1,685",x,x,x,x,x
39,(주)삼표에너지 고덕주유소,강동구,서울 강동구 고덕로 39 (암사동),GS칼텍스,"1,785","1,665",o,x,x,o,x
40,(주)소모 신월주유소,강동구,서울 강동구 양재대로 1323 (성내동),GS칼텍스,"1,786","1,668",o,x,x,x,x
41,(주)퍼스트오일 코알라주유소,강동구,서울특별시 강동구  올림픽로 556 (성내동),S-OIL,"1,790","1,670",o,x,x,x,x
42,대성석유(주)길동주유소,강동구,서울 강동구 천호대로 1168,GS칼텍스,"1,796","1,688",o,x,x,x,x
43,(주)소모 성내주유소,강동구,서울 강동구 올림픽로 578 (성내동),GS칼텍스,"1,798","1,698",o,x,o,x,x
44,sk해뜨는주유소,강동구,서울 강동구  상일로 132 (강일동),SK에너지,"1,799","1,699",o,x,o,x,x
45,지에스칼텍스㈜ 동서울주유소,강동구,서울 강동구 천호대로 1456 (상일동),GS칼텍스,"1,821","1,724",o,x,x,x,x
46,천호현대주유소,강동구,서울 강동구 천중로 67 (천호동),HD현대오일뱅크,"1,985","1,835",o,x,o,x,x
47,광성주유소,강동구,서울 강동구 올림픽로 673 (천호동),S-OIL,"2,068","1,998",o,x,o,x,o
48,수유동주유소,강북구,서울 강북구 도봉로 395 (수유동),GS칼텍스,"1,726","1,586",o,x,x,x,o
49,덕릉로주유소,강북구,서울 강북구 덕릉로 158 (번동),S-OIL,"1,735","1,595",o,x,x,x,x
50,㈜지에스이앤알 미아주유소,강북구,서울 강북구 도봉로 122 (미아동),GS칼텍스,"1,735","1,605",o,x,x,x,x
51,(주)석산에너지,강북구,서울 강북구 삼양로 316 (수유동),HD현대오일뱅크,"1,739","1,579",x,x,x,x,x
52,(주)서울에너지 시민주유소,강북구,서울 강북구 인수봉로 185 (수유동),HD현대오일뱅크,"1,739","1,579",x,x,x,x,x
53,씨앤에스유통㈜ 미아셀프주유소,강북구,서울 강북구 도봉로 200 (미아동),S-OIL,"1,745","1,625",o,x,x,x,x
54,HD현대오일뱅크㈜직영 번동셀프주유소,강북구,서울 강북구 한천로 963 (번동),HD현대오일뱅크,"1,747","1,597",o,x,o,x,o
55,북서울고속주유소,강북구,서울 강북구 삼양로 410 (수유동),SK에너지,"1,759","1,629",x,x,x,x,o
56,세원주유소,강북구,서울 강북구 한천로 918 (번동),SK에너지,"1,768","1,628",o,x,x,x,x
57,대성석유(주)신광주유소,강북구,서울 강북구 삼양로 484,GS칼텍스,"1,779","1,639",o,x,o,x,x
58,SK에너지(주) 매일주유소,강북구,서울 강북구 삼양로 217 (미아동),SK에너지,"1,779","1,629",o,x,x,o,x
59,에덴주유소,강북구,서울 강북구 월계로 195 (번동),SK에너지,"1,787","1,667",o,x,o,x,x
60,화곡역주유소,강서구,서울 강서구 강서로 154 (화곡동),알뜰주유소,"1,696","1,587",x,x,x,x,o
61,이케이에너지(주) 강서주유소,강서구,서울 강서구 화곡로 273 (화곡동),HD현대오일뱅크,"1,696","1,587",o,x,o,x,x
62,목화주유소,강서구,서울 강서구 국회대로 251 (화곡동),알뜰주유소,"1,708","1,597",o,x,x,x,x
63,(주)뉴신정주유소,강서구,서울 강서구 곰달래로 207 (화곡동),알뜰주유소,"1,714","1,595",x,x,x,x,x
64,유턴주유소,강서구,서울 강서구 남부순환로 57,알뜰주유소,"1,729","1,619",x,x,x,x,x
65,(주)타이거오일 방화주유소,강서구,서울 강서구 방화동로 58-2 (방화동),SK에너지,"1,733","1,623",x,x,x,x,x
66,지에스칼텍스㈜ 경인고속주유소,강서구,서울 강서구 국회대로 225 (화곡동),GS칼텍스,"1,734","1,607",o,o,o,x,o
67,신화곡주유소,강서구,서울 강서구 국회대로 71,S-OIL,"1,735","1,625",o,x,x,x,x
68,강서오곡셀프주유소,강서구,서울 강서구 벌말로 254 (오곡동),SK에너지,"1,735","1,615",o,x,x,x,o
69,HD현대오일뱅크㈜직영 가양주유소,강서구,서울 강서구  양천로 391 (가양동),HD현대오일뱅크,"1,738","1,623",o,x,x,x,x
70,스카이주유소,강서구,서울 강서구 개화동로 457 (방화동),S-OIL,"1,739","1,634",x,x,x,o,o
71,행촌에너지 공항주유소,강서구,서울 강서구 개화동로 420 (개화동),HD현대오일뱅크,"1,739","1,634",o,x,o,o,o
72,KH에너지(주)직영 KH외발산주유소,강서구,서울 강서구 방화대로 30,SK에너지,"1,745","1,625",o,o,o,o,x
73,(주)한진 김포공항주유소,강서구,서울 강서구 하늘길 259,S-OIL,"1,750","1,650",o,x,x,x,x
74,현대오일뱅크 등촌주유소,강서구,서울 강서구 등촌로 189 (등촌동),HD현대오일뱅크,"1,756","1,626",o,x,x,x,x
75,오션네트웍스(주) 서울식물원지점,강서구,서울 강서구 양천로 300,SK에너지,"1,756","1,638",x,x,x,x,x
76,개화주유소,강서구,서울 강서구 양천로 57,SK에너지,"1,757","1,647",o,x,x,x,x
77,HD현대오일뱅크㈜직영 양화교셀프주유소,강서구,서울 강서구 공항대로 653,HD현대오일뱅크,"1,758","1,629",o,x,x,x,x
78,화곡현대주유소,강서구,서울 강서구 강서로 151 (화곡동),SK에너지,"1,764","1,636",o,x,x,x,o
79,세원제1주유소,강서구,서울 강서구 양천로 311 (가양동),SK에너지,"1,768","1,640",o,x,o,x,x
80,강서열린주유소,강서구,서울 강서구 등촌로 213 (등촌동),GS칼텍스,"1,778","1,648",o,x,x,x,x
81,우장산주유소,강서구,서울 강서구 강서로 292 (내발산동),SK에너지,"1,785","1,657",x,x,x,x,x
82,대성석유(주) 관문주유소,강서구,서울 강서구 공항대로 314,GS칼텍스,"1,786","1,668",o,x,o,x,x
83,대성석유(주)방화대성주유소,강서구,서울 강서구 양천로 176,GS칼텍스,"1,786","1,658",o,x,x,o,x
84,대성석유(주) 마곡대성주유소,강서구,서울 강서구 강서로 457,GS칼텍스,"1,786","1,658",x,x,x,x,x
85,대성주유소,강서구,서울 강서구 강서로 472,GS칼텍스,"1,798","1,668",o,x,o,x,x
86,SK KH에너지 가양주유소,강서구,서울 강서구 강서로 498 (가양동),SK에너지,"1,798","1,668",o,x,o,o,o
87,박물관주유소,강서구,서울 강서구 양천로53길 97 (가양동),GS칼텍스,"1,798","1,668",o,x,o,o,x
88,(주)한진 김포공항제2주유소,강서구,서울 강서구 하늘길 112,S-OIL,"1,811","1,695",x,x,x,x,x
89,코리나(주)청룡주유소,강서구,서울 강서구 양천로 576,SK에너지,"1,828","1,698",o,x,x,x,x
90,하이웨이주유소,강서구,서울특별시 강서구 공항대로 432(화곡동),S-OIL,"1,849","1,712",o,x,x,o,o
91,참솔에너지,강서구,서울 강서구 벌말로 281 (오곡동),S-OIL,"1,965","1,865",o,x,x,x,x
92,염창동주유소,강서구,서울 강서구 양천로 720 (염창동),SK에너지,"2,068","1,943",o,x,x,x,x
93,HD현대오일뱅크㈜직영 문성골주유소,관악구,서울 관악구 문성로 97 (신림동),HD현대오일뱅크,"1,729","1,649",o,x,x,x,x
94,(주)엠오티이엔지 직영 삼화주유소,관악구,서울 관악구 보라매로 41,HD현대오일뱅크,"1,739","1,639",x,x,x,x,x
95,HD현대오일뱅크㈜직영 관악셀프주유소,관악구,서울 관악구 남부순환로 1520 (신림동),HD현대오일뱅크,"1,739","1,654",x,x,x,x,x
96,(주)연우에너지 신관주유소,관악구,서울 관악구 신림로 290 (신림동),알뜰주유소,"1,739","1,639",o,x,x,x,x
97,현대주유소,관악구,서울 관악구 난곡로 108 (신림동),HD현대오일뱅크,"1,746","1,646",x,x,x,x,x
98,(주)한유에너지행운셀프주유소,관악구,서울 관악구 남부순환로 1883 (봉천동),SK에너지,"1,755","1,655",o,x,x,x,x
99,대양석유(주)직영 보라매주유소,관악구,서울 관악구  보라매로 26 (봉천동),SK에너지,"1,759","1,659",o,x,x,x,x
100,서일석유(주)락성주유소,관악구,서울 관악구 남부순환로 1920 (봉천동),GS칼텍스,"1,765","1,665",o,x,o,x,o
101,SK에너지(주) 신봉천,관악구,서울 관악구 남부순환로 1880 (봉천동),SK에너지,"1,765","1,675",o,x,x,o,x
102,SK에너지(주)직영 대공원주유소,관악구,서울 관악구 과천대로 921 (남현동),SK에너지,"1,765","1,675",o,x,o,o,x
103,유림주유소,관악구,서울 관악구 신림로 176 (신림동),S-OIL,"1,768","1,668",o,x,o,x,o
104,관악시몬주유소,관악구,서울특별시 관악구 남부순환로 1753 (봉천동),S-OIL,"1,796","1,696",o,x,x,x,x
105,CJ대한통운㈜ 신림주유소,관악구,서울 관악구 남부순환로 1515 (신림동),GS칼텍스,"1,858","1,728",o,x,x,x,x
106,지에스칼텍스㈜ 난곡주유소,관악구,서울 관악구 난곡로 206,GS칼텍스,"1,889","1,754",x,x,x,x,x
107,태양주유소,광진구,서울 광진구 동일로 345 (중곡동),HD현대오일뱅크,"1,734","1,604",x,x,x,x,o
108,HD현대오일뱅크㈜직영 능동주유소,광진구,서울 광진구 천호대로 584 (능동),HD현대오일뱅크,"1,745","1,585",o,x,o,x,o
109,(주)창원CW,광진구,서울 광진구 광나루로 460 (화양동),HD현대오일뱅크,"1,745","1,585",o,x,x,x,x
110,용마주유소,광진구,서울 광진구 용마산로 68 (중곡동),GS칼텍스,"1,746","1,599",x,x,x,x,x
111,대원주유소,광진구,서울 광진구 용마산로 122 (중곡동),S-OIL,"1,746","1,599",x,x,x,x,x
112,정해네트웍스(주)일진주유소,광진구,서울 광진구 동일로 413 (중곡동),S-OIL,"1,747","1,627",o,x,x,x,o
113,(주)장수주유소,광진구,서울 광진구 동일로 266 (군자동),SK에너지,"1,754","1,585",x,x,o,x,o
114,HD현대오일뱅크㈜직영 중원셀프주유소,광진구,서울 광진구 동일로 398 (중곡동),HD현대오일뱅크,"1,757","1,598",o,x,x,x,x
115,HD현대오일뱅크㈜직영 중곡현대주유소,광진구,서울 광진구 동일로 435 (중곡동),HD현대오일뱅크,"1,757","1,598",o,x,x,x,x
116,HD현대오일뱅크㈜직영 장호셀프주유소,광진구,서울 광진구 자양로 37 (자양동),HD현대오일뱅크,"1,759","1,575",o,x,o,x,x
117,삼호주유소,광진구,서울 광진구 천호대로 809 (광장동),S-OIL,"1,847","1,697",o,x,x,x,o
118,유니스에너지 자양주유소,광진구,서울 광진구 아차산로 298 (자양동),SK에너지,"1,858","1,698",o,x,x,x,o
119,강평주유소,광진구,서울 광진구 아차산로 616 (광장동),SK에너지,"1,897","1,768",o,x,x,x,o
120,신성주유소,구로구,서울 구로구 구로동로 187 (구로제2동),HD현대오일뱅크,"1,726","1,616",o,x,x,x,x
121,(주)한미석유구로그린주유소,구로구,서울 구로구 구로중앙로 76 (구로동),GS칼텍스,"1,727","1,616",o,x,o,x,x
122,HD현대오일뱅크㈜직영 구로셀프주유소,구로구,서울 구로구 시흥대로 531,HD현대오일뱅크,"1,739","1,654",o,x,o,x,o
123,극동유화(주) 항동주유소,구로구,서울 구로구 서해안로 2154 (항동),S-OIL,"1,745","1,635",o,x,x,x,x
124,남선석유(주)풀페이주유소,구로구,서울 구로구 경인로 41 (온수동),S-OIL,"1,745","1,635",o,x,x,x,x
125,대성산업(주)디큐브주유소,구로구,서울 구로구 경인로 650 (신도림동),GS칼텍스,"1,745","1,625",x,x,x,x,o
126,HD현대오일뱅크㈜직영 신오류주유소,구로구,서울 구로구 경인로 161 (오류동),HD현대오일뱅크,"1,747","1,619",o,x,o,x,x
127,구인주유소,구로구,서울 구로구 경인로 558 (구로동),SK에너지,"1,754","1,634",o,x,o,o,x
128,SK구로주유소,구로구,서울 구로구 구일로 94 (구로동),SK에너지,"1,754","1,634",o,x,x,x,x
129,HD현대오일뱅크㈜직영 신구로주유소,구로구,서울 구로구 가마산로 293 (구로동),HD현대오일뱅크,"1,759","1,604",o,x,x,x,x
130,서서울고속주유소,구로구,서울 구로구 경인로 150 (오류동),SK에너지,"1,759","1,659",o,x,x,x,o
131,개봉주유소,구로구,서울 구로구 고척로 115 (개봉동),HD현대오일뱅크,"1,767","1,657",o,x,x,x,x
132,SK에너지(주)직영 개봉동주유소,구로구,서울 구로구 경인로 290 (개봉동),SK에너지,"1,767","1,659",o,x,x,x,x
133,영진주유소,구로구,서울 구로구 구로동로 20 (가리봉동),S-OIL,"1,797","1,687",x,x,x,x,x
134,대원셀프주유소,구로구,서울 구로구 개봉로 7,HD현대오일뱅크,"1,797","1,677",o,x,x,x,x
135,JHC에너지,구로구,서울 구로구 시흥대로 539,HD현대오일뱅크,"1,825","1,695",x,x,o,x,x
136,근린공원주유소,구로구,서울 구로구 고척로 199 (고척동),S-OIL,"1,827","1,687",o,x,x,x,x
137,동아주유소,구로구,서울 구로구 도림로 91 (구로동),S-OIL,"1,958","1,758",x,x,x,o,x
138,구로주유소,구로구,서울 구로구 구로동로 137 (구로동),GS칼텍스,"2,246","2,098",x,x,x,x,x
139,HD현대오일뱅크㈜직영 금천현대셀프주유소,금천구,서울 금천구 독산로 147 (시흥동),HD현대오일뱅크,"1,719","1,639",o,x,x,x,x
140,(주)백운주유소,금천구,서울 금천구 시흥대로 282 (독산동),알뜰주유소,"1,724","1,655",x,x,x,x,x
141,구광주유소,금천구,서울 금천구 서부샛길 674 (가산동),S-OIL,"1,725","1,605",o,x,x,x,x
142,백산주유소,금천구,서울특별시 금천구  시흥대로 174 (시흥동),S-OIL,"1,735","1,675",o,x,o,x,x
143,대득에너지(금천셀프주유소),금천구,서울 금천구  시흥대로 81 (시흥동),GS칼텍스,"1,735","1,675",o,x,x,o,o
144,(주)화동유업 화동주유소,금천구,서울 금천구 시흥대로 484,SK에너지,"1,737","1,663",o,x,x,x,x
145,현대오일뱅크㈜직영 금천제일주유소,금천구,서울 금천구 남부순환로 1410 (독산동),HD현대오일뱅크,"1,749","1,659",o,x,x,x,x
146,남서울경복에너지,금천구,서울 금천구 독산로 257 (독산동),HD현대오일뱅크,"1,755","1,675",x,x,x,x,x
147,지에스칼텍스(주)일신주유소,금천구,서울 금천구 시흥대로 118,GS칼텍스,"1,755","1,725",o,x,x,x,x
148,SK에너지(주) 박미주유소,금천구,서울 금천구 시흥대로 39-7 (시흥동),SK에너지,"1,755","1,675",x,x,x,x,x
149,SK에너지(주) 이가주유소,금천구,서울 금천구 시흥대로 441,SK에너지,"1,773","1,684",o,x,o,x,x
150,월계주유소,노원구,서울 노원구 월계로 252 (월계동),GS칼텍스,"1,719","1,559",o,x,o,x,x
151,(주)정건에너지직영,노원구,서울 노원구 노원로17길 29 (하계동),HD현대오일뱅크,"1,739","1,595",o,x,x,x,x
152,태릉솔밭주유소,노원구,서울 노원구 노원로 49 (공릉동),S-OIL,"1,745","1,625",o,x,x,x,o
153,화랑대주유소,노원구,서울 노원구 화랑로 483,HD현대오일뱅크,"1,745","1,605",o,x,x,x,x
154,이엠석유(주)배꽃나라주유소,노원구,서울 노원구 화랑로 466 (공릉1동),GS칼텍스,"1,745","1,605",o,x,o,x,x
155,한신주유소,노원구,서울 노원구 동일로 1089 (공릉동),S-OIL,"1,745","1,595",o,x,x,x,x
156,삼육주유소,노원구,서울 노원구 화랑로 822 (공릉동),SK에너지,"1,755","1,615",o,x,x,x,x
157,성북역주유소,노원구,서울 노원구 광운로 95 (월계동),GS칼텍스,"1,758","1,628",o,x,x,x,x
158,남선석유(주)구도일주유소 불암,노원구,서울 노원구 한글비석로 268 (중계동),S-OIL,"1,765","1,635",o,x,x,x,x
159,(주)소모 수락산셀프주유소,노원구,서울 노원구 동일로 1772,GS칼텍스,"1,777","1,655",x,x,x,x,x
160,상계동주유소,노원구,서울 노원구 노원로26길 191 (상계동),HD현대오일뱅크,"1,780","1,640",x,x,o,x,x
161,신성주유소,노원구,서울 노원구 월계로 328 (월계동),S-OIL,"1,798","1,668",o,x,x,x,o
162,SK에너지㈜직영 상계주유소,노원구,서울 노원구 노해로 527 (상계동),SK에너지,"1,819","1,685",o,x,x,x,x
163,하계삼호주유소,노원구,서울 노원구 공릉로 294 (하계동),GS칼텍스,"1,825","1,685",x,x,o,x,x
164,이케이에너지 주식회사,도봉구,서울 도봉구 도봉로 941 (도봉동),HD현대오일뱅크,"1,726","1,569",o,x,x,x,x
165,한이에너지(주) 쌍문주유소,도봉구,서울 도봉구 도봉로 547 (쌍문동),S-OIL,"1,726","1,586",o,x,o,x,o
166,(주)헨지스에너지 구도일주유소 도봉,도봉구,서울 도봉구 도봉로 706 (방학동),S-OIL,"1,729","1,589",o,x,o,x,x
167,(주)자연에너지 햇살주유소,도봉구,서울 도봉구 방학로 142 (방학동),HD현대오일뱅크,"1,729","1,579",o,x,x,x,x
168,도봉제일주유소(주)송만에너지,도봉구,서울 도봉구 도봉로 783 (도봉동),HD현대오일뱅크,"1,729","1,579",x,x,x,x,x
169,삼미북부셀프주유소,도봉구,서울 도봉구 도봉로 437 (쌍문동),SK에너지,"1,736","1,594",o,x,x,x,o
170,지에스칼텍스㈜ 도봉주유소,도봉구,서울 도봉구 도봉로 895 (도봉동),GS칼텍스,"1,739","1,599",o,o,o,x,o
171,대성산업(주)신창주유소,도봉구,서울 도봉구 덕릉로 267 (창동),GS칼텍스,"1,745","1,645",o,x,o,x,o
172,구도일주유소 파크빌,도봉구,서울 도봉구 해등로3길 86 (창동),S-OIL,"1,747","1,597",x,x,x,x,x
173,지에스칼텍스㈜ 방학동주유소,도봉구,서울 도봉구 방학로 186,GS칼텍스,"1,749","1,599",o,x,x,x,o
174,극동유화(주) 대안주유소,도봉구,서울 도봉구 마들로 574 (창동),S-OIL,"1,749","1,629",o,x,o,x,x
175,노원교주유소,도봉구,서울 도봉구 마들로 776 (도봉동),HD현대오일뱅크,"1,753","1,642",o,x,x,x,x
176,동일석유(주) 창동주유소,도봉구,서울 도봉구  도봉로 434 (창동),SK에너지,"1,757","1,637",o,x,o,x,x
177,HD현대오일뱅크㈜직영 영신주유소,도봉구,서울 도봉구 방학로 151,HD현대오일뱅크,"1,767","1,647",o,x,x,x,x
178,(주)쌍문셀프주유소,도봉구,서울 도봉구 노해로 161 (쌍문동),HD현대오일뱅크,"1,785","1,655",o,x,x,x,x
179,오복주유소,도봉구,서울 도봉구 방학로 43,S-OIL,"1,798","1,689",o,x,x,x,o
180,(주)자연에너지 국민주유소,동대문구,서울 동대문구 답십리로 223 (답십리동),HD현대오일뱅크,"1,739","1,579",x,x,x,x,x
181,재정주유소,동대문구,서울 동대문구 전농로 121 (전농동),HD현대오일뱅크,"1,739","1,599",o,x,x,x,x
182,재정제2주유소,동대문구,서울 동대문구 사가정로 90 (전농동),HD현대오일뱅크,"1,739","1,599",o,x,x,x,x
183,(주)경동주유소,동대문구,서울 동대문구 이문로 191 (이문동),S-OIL,"1,745","1,655",o,x,x,x,x
184,풍한주유소,동대문구,서울 동대문구 안암로 168,SK에너지,"1,745","1,595",o,x,x,x,o
185,대성산업(주)동마장주유소,동대문구,서울 동대문구 고산자로 405 (용두동),GS칼텍스,"1,745","1,645",o,x,o,x,o
186,대성산업㈜청량리주유소,동대문구,서울 동대문구 왕산로 289 (청량리동),GS칼텍스,"1,745","1,655",o,o,x,x,o
187,(주)파랑에너지,동대문구,서울 동대문구 망우로 126,GS칼텍스,"1,755","1,655",o,x,x,x,x
188,삼영주유소,동대문구,서울 동대문구 답십리로 258 (장안동),SK에너지,"1,757","1,637",o,x,x,x,x
189,동서울고속주유소,동대문구,서울 동대문구 한천로 414,SK에너지,"1,759","1,659",x,x,x,x,o
190,열린주유소,동대문구,서울 동대문구 한천로 263 (휘경동),S-OIL,"1,759","1,639",x,x,x,x,x
191,HD현대오일뱅크㈜직영 스피드주유소,동대문구,서울 동대문구 천호대로 453 (장안동),HD현대오일뱅크,"1,759","1,638",o,x,x,x,o
192,한영주유소 (한화),동대문구,서울 동대문구 망우로 38 (휘경동),HD현대오일뱅크,"1,770","1,650",x,x,x,x,x
193,오동나무주유소,동대문구,서울 동대문구  한천로 81 (답십리동),S-OIL,"1,778","1,658",x,x,x,x,x
194,홍능주유소,동대문구,서울 동대문구 홍릉로 87 (청량리동),S-OIL,"1,787","1,657",o,x,x,x,x
195,(주)안국에너지 삼원셀프주유소,동대문구,서울 동대문구 망우로 90 (휘경동),SK에너지,"1,788","1,658",o,x,x,x,x
196,삼미상사(주)장안킹셀프주유소,동대문구,서울 동대문구  한천로 100 (장안동),SK에너지,"1,828","1,699",o,x,x,x,x
197,배봉로주유소,동대문구,서울 동대문구 서울시립대로 108,HD현대오일뱅크,"1,835","1,735",o,x,x,x,x
198,창원이엔지주유소,동작구,서울 동작구 사당로 59 (상도동),HD현대오일뱅크,"1,749","1,669",o,x,x,x,x
199,지에스칼텍스(주) 대방주유소,동작구,서울 동작구 여의대방로 214,GS칼텍스,"1,750","1,637",x,x,x,x,x
200,HD현대오일뱅크㈜직영 신대방셀프주유소,동작구,서울 동작구 시흥대로 616 (신대방동),HD현대오일뱅크,"1,759","1,664",o,x,o,x,o
201,HD현대오일뱅크㈜직영 사당셀프주유소,동작구,서울 동작구 동작대로 73 (사당동),HD현대오일뱅크,"1,769","1,679",o,x,x,x,o
202,지에스칼텍스㈜직영 남성주유소,동작구,서울 동작구 동작대로 135 (사당동),GS칼텍스,"1,779","1,699",x,x,x,x,o
203,HD현대오일뱅크㈜직영 흑석동셀프주유소,동작구,서울 동작구 현충로 101 (흑석동),HD현대오일뱅크,"1,789","1,694",o,x,x,x,o
204,HD현대오일뱅크㈜직영 동작주유소,동작구,서울 동작구 상도로 403 (상도동),HD현대오일뱅크,"1,799","1,704",o,x,x,x,x
205,매일주유소,동작구,서울 동작구 상도로 139 (상도동),S-OIL,"1,799","1,729",o,x,x,x,x
206,살피재주유소,동작구,서울 동작구 상도로 334,SK에너지,"1,895","1,785",x,x,x,x,x
207,성산주유소,마포구,서울 마포구 월드컵북로 170 (성산제2동),SK에너지,"1,757","1,647",x,x,x,x,x
208,성산대교셀프주유소,마포구,서울 마포구 성산로 144,HD현대오일뱅크,"1,757","1,647",o,x,o,x,x
209,마포시엠주유소,마포구,서울 마포구 월드컵북로 62,SK에너지,"1,757","1,637",x,x,x,x,x
210,청원주유소,마포구,서울 마포구 월드컵북로 113 (성산동),HD현대오일뱅크,"1,757","1,647",o,x,x,x,x
211,에쓰오일(주) 염리동주유소,마포구,서울 마포구 백범로 126 (염리동),S-OIL,"1,785","1,663",o,x,x,x,x
212,에스에스오토셀프,마포구,서울 마포구 서강로 76 (창전동),HD현대오일뱅크,"1,789","1,659",o,x,x,x,o
213,용강주유소,마포구,서울 마포구 토정로 258,S-OIL,"1,795","1,675",x,x,x,x,x
214,(주)만성상사 대흥주유소,마포구,서울 마포구 대흥로 61 (대흥동),SK에너지,"1,815","1,693",o,x,x,x,o
215,(주)안국에너지 망원동주유소,마포구,서울 마포구 월드컵로 119 (망원동),SK에너지,"1,837","1,678",o,x,x,x,x
216,SK에너지 양지주유소,마포구,서울 마포구 마포대로 69 (도화동),SK에너지,"1,859","1,789",x,x,x,o,o
217,SK에너지(주) 안국주유소,마포구,서울 마포구 양화로 33,SK에너지,"1,859","1,769",x,x,x,x,o
218,지에스칼텍스(주)홍제동주유소,서대문구,서울 서대문구 통일로 372,GS칼텍스,"1,734","1,659",o,x,x,x,x
219,HD현대오일뱅크㈜직영 연세주유소,서대문구,서울 서대문구 연희로 184,HD현대오일뱅크,"1,739","1,619",o,x,x,x,x
220,(주)창원이엔지 홍제지점,서대문구,서울 서대문구 통일로 455 (홍제동),HD현대오일뱅크,"1,739","1,629",x,x,x,x,x
221,구도일주유소 두꺼비,서대문구,서울 서대문구 성산로 312,S-OIL,"1,746","1,619",o,x,o,x,x
222,(주)미래아스팔트 신우주유소,서대문구,서울 서대문구 가좌로 106(홍은동),S-OIL,"1,747","1,617",o,x,o,x,x
223,(주)가재울뉴타운주유소,서대문구,서울 서대문구 모래내로 205,HD현대오일뱅크,"1,752","1,622",x,x,x,o,o
224,남정주유소,서대문구,서울 서대문구 모래내로 243 (남가좌동),GS칼텍스,"1,758","1,628",x,x,x,x,x
225,HD현대오일뱅크㈜직영 독립문주유소,서대문구,서울 서대문구 통일로 384 (홍제동),HD현대오일뱅크,"1,759","1,649",o,x,x,o,x
226,(주)안국에너지 삼보셀프주유소,서대문구,서울 서대문구 연희로 78 (연희동),SK에너지,"1,788","1,638",o,x,o,x,x
227,㈜우남에너지 문화사랑주유소,서대문구,서울 서대문구 세검정로 87 (홍제동),S-OIL,"1,789","1,689",o,x,x,x,x
228,행촌제2주유소,서대문구,서울 서대문구 성산로 490 (대신동),SK에너지,"1,794","1,644",o,x,x,o,o
229,중앙에너비스 동교지점,서대문구,서울 서대문구 연희로 12 (창천동),SK에너지,"1,795","1,645",x,x,x,o,x
230,삼미상사(주)서부주유소,서대문구,서울 서대문구 성산로 255,SK에너지,"1,824","1,684",o,x,o,o,x
231,광호주유소,서대문구,서울 서대문구 연희로 266 (홍은동),SK에너지,"1,828","1,688",o,x,x,x,x
232,연희주유소,서대문구,서울 서대문구 연희로 129 (연희동 89-7번지),SK에너지,"1,828","1,688",o,x,x,o,x
233,만남의광장주유소,서초구,서울 서초구 양재대로12길 73-71,알뜰(ex),"1,659","1,569",x,o,x,o,o
234,양재최고주유소,서초구,서울 서초구 매헌로 72 (양재동),S-OIL,"1,725","1,635",o,x,x,x,x
235,서초하이웨이 주유소,서초구,서울 서초구 양재대로2길 100-30,S-OIL,"1,727","1,647",o,x,x,x,o
236,(주)대농석유 남태령주유소,서초구,서울 서초구 과천대로 838 (방배동),SK에너지,"1,735","1,635",o,x,x,x,x
237,반포그린주유소,서초구,서울 서초구 서초중앙로 239 (반포동),GS칼텍스,"1,743","1,699",o,x,x,x,x
238,에너지플러스허브 삼방주유소,서초구,서울 서초구 사평대로 364 (서초동),GS칼텍스,"1,743","1,699",o,x,x,x,o
239,대성산업(주)직영 강남주유소,서초구,서울 서초구 반포대로 284 (반포동),GS칼텍스,"1,745","1,685",x,x,x,x,x
240,신반포주유소,서초구,서울 서초구 사평대로 94 (반포동),SK에너지,"1,746","1,641",o,x,x,x,o
241,한독주유소,서초구,서울 서초구 방배로 218 (방배동),GS칼텍스,"1,746","1,641",x,x,x,x,x
242,HD현대오일뱅크㈜직영 팔레스주유소,서초구,서울 서초구 사평대로 136 (반포동),HD현대오일뱅크,"1,747","1,632",x,x,x,x,o
243,HD현대오일뱅크㈜직영 사평로주유소,서초구,서울 서초구 사평대로 350 (서초동),HD현대오일뱅크,"1,753","1,662",o,x,x,x,x
244,태봉셀프주유소,서초구,서울 서초구 태봉로 117 (우면동),SK에너지,"1,757","1,665",o,x,o,x,x
245,극동유화(주) 전당앞주유소,서초구,서울 서초구 남부순환로 2391 (서초동),S-OIL,"1,765","1,635",o,o,o,x,x
246,헌릉로주유소,서초구,서울 서초구 헌릉로 177 (내곡동),S-OIL,"1,765","1,654",x,x,x,x,x
247,HD현대오일뱅크㈜직영 서초제일주유소,서초구,서울 서초구 사임당로 116 (서초동),HD현대오일뱅크,"1,769","1,644",o,x,x,x,x
248,HD현대오일뱅크㈜직영 방배현대주유소,서초구,서울 서초구 동작대로 182 (방배동),HD현대오일뱅크,"1,769","1,648",o,x,o,x,x
249,에쓰오일(주)직영 오토테크주유소,서초구,서울특별시 서초구  효령로 356 (서초동),S-OIL,"1,779","1,655",o,x,o,x,x
250,지에스칼텍스(주)선천주유소,서초구,서울 서초구 동작대로 206 (방배동),GS칼텍스,"1,779","1,699",o,x,x,x,x
251,HD현대오일뱅크㈜직영 양재현대주유소,서초구,서울 서초구 마방로 6,HD현대오일뱅크,"1,779","1,674",o,x,x,x,x
252,양재주유소,서초구,서울 서초구 바우뫼로 178,SK에너지,"1,784","1,674",o,x,x,x,o
253,(주)한미석유 서초주유소,서초구,서울 서초구 반포대로 64 (서초동),GS칼텍스,"1,785","1,655",x,x,x,x,x
254,대성산업(주)직영 터미널(고속)주유소,서초구,서울 서초구 신반포로 222 (반포동),GS칼텍스,"1,785","1,725",o,x,x,x,o
255,서초꽃마을주유소,서초구,서울 서초구 반포대로 69 (서초동),GS칼텍스,"1,785","1,665",x,x,x,x,x
256,대성석유(주)연일주유소,서초구,서울 서초구 남부순환로 2451,GS칼텍스,"1,786","1,669",o,x,x,o,x
257,대신석유(주)대우주유소,서초구,서울 서초구 양재대로 173 (양재동),SK에너지,"1,789","1,687",o,x,x,o,o
258,말죽거리주유소,서초구,서울 서초구 남부순환로 2650 (양재동),GS칼텍스,"1,796","1,696",x,x,x,x,x
259,지에스칼텍스(주)남서울주유소,서초구,서울 서초구 나루터로 83 (잠원동),GS칼텍스,"1,809","1,779",o,x,x,o,o
260,방배동주유소,서초구,서울 서초구 효령로 29 (방배동),SK에너지,"1,893","1,796",o,x,x,x,x
261,대신석유㈜서원주유소,서초구,서울 서초구 반포대로 142 (서초동),SK에너지,"1,998","1,898",o,x,x,x,x
262,(주)선문에너지 중앙주유소,서초구,서울특별시 서초구  바우뫼로 219 (양재1동),S-OIL,"2,098","1,958",o,x,x,x,x
263,HD현대오일뱅크㈜직영 효진주유소,성동구,서울 성동구 동일로 129,HD현대오일뱅크,"1,738","1,619",o,x,x,x,x
264,지에스칼텍스㈜ 도루코주유소,성동구,서울 성동구 아차산로 180,GS칼텍스,"1,744","1,634",o,x,o,x,o
265,HD현대오일뱅크㈜직영 성동셀프주유소,성동구,서울 성동구 마장로 311 (마장동),HD현대오일뱅크,"1,745","1,605",o,x,x,x,x
266,(주)서울에너지 직영,성동구,서울 성동구 천호대로 324 (용답동),S-OIL,"1,745","1,585",o,x,x,x,o
267,KLP제2주유소,성동구,서울 성동구 동일로 249 (송정동),HD현대오일뱅크,"1,746","1,617",x,x,x,x,x
268,정호주유소,성동구,서울 성동구 고산자로 307 (마장동),자가상표,"1,748","1,628",x,x,x,x,x
269,아이콘주유소,성동구,서울 성동구 고산자로 273 (도선동),S-OIL,"1,768","1,628",o,x,x,x,o
270,SK에너지(주) 군자동주유소,성동구,서울 성동구 천호대로 446 (용답동),SK에너지,"1,805","1,669",o,x,x,x,o
271,SK에너지(주) 성수주유소,성동구,서울 성동구 뚝섬로 352 (성수동1가),SK에너지,"1,819","1,779",o,x,x,x,x
272,SK KH에너지 성수만세주유소,성동구,서울 성동구 왕십리로 109,SK에너지,"1,838","1,778",o,x,o,o,x
273,삼우주유소,성동구,서울 성동구 천호대로 392,SK에너지,"1,845","1,725",o,x,x,x,x
274,SK세원2주유소,성동구,서울 성동구 광나루로 184 (성수동1가),SK에너지,"1,870","1,816",o,x,o,x,x
275,금호주유소,성동구,서울 성동구 금호로 39 (금호동4가),GS칼텍스,"1,983","1,797",x,x,x,x,x
276,동일주유소,성동구,서울 성동구 광나루로 254 (성수동2가),HD현대오일뱅크,"2,025","1,885",o,x,x,x,x
277,청계로주유소,성동구,서울 성동구 청계천로 454 (하왕십리동),SK에너지,"2,095","2,045",o,x,x,x,x
278,(주)옥수하이웨이스테이션,성동구,서울 성동구 독서당로 168 (옥수동),GS칼텍스,"2,238","2,048",x,x,x,x,x
279,원천주유소,성북구,서울 성북구 돌곶이로 142 (장위동),알뜰주유소,"1,723","1,619",x,x,x,x,x
280,이케이에너지(주) 강산제2주유소,성북구,서울 성북구 보국문로 52,HD현대오일뱅크,"1,729","1,569",o,x,x,x,x
281,(주)삼표에너지 정릉주유소,성북구,서울 성북구 보국문로 35 (정릉동),GS칼텍스,"1,729","1,569",o,x,o,x,x
282,장위주유소,성북구,서울 성북구 화랑로 110 (하월곡동),S-OIL,"1,735","1,615",o,x,x,x,o
283,(주)성북주유소,성북구,서울 성북구 보문로 142,HD현대오일뱅크,"1,738","1,598",o,x,x,x,x
284,이케이에너지㈜ 강산주유소,성북구,서울 성북구 보문로 27 (보문동7가),GS칼텍스,"1,739","1,589",o,x,x,x,o
285,장삼 쌍둥이 주유소,성북구,서울 성북구 한천로 612 (장위동),HD현대오일뱅크,"1,739","1,595",o,x,x,x,x
286,(주)신용 구도일주유소화랑로,성북구,서울 성북구 화랑로 174,S-OIL,"1,743","1,623",o,x,o,x,x
287,우리주유소,성북구,서울 성북구 화랑로 292,SK에너지,"1,744","1,625",o,x,o,x,o
288,HD현대오일뱅크㈜직영 고대셀프주유소,성북구,서울 성북구 종암로 12 (종암동),HD현대오일뱅크,"1,745","1,605",o,x,x,x,x
289,지에스칼텍스(주) 종암주유소,성북구,서울 성북구 종암로 145 (종암동),GS칼텍스,"1,745","1,605",o,x,x,x,o
290,중앙에너비스 종암지점,성북구,서울 성북구 종암로 58,SK에너지,"1,745","1,595",o,x,x,x,o
291,재정제2주유소 길음지점,성북구,서울 성북구 삼양로 78 (길음동),HD현대오일뱅크,"1,749","1,609",x,x,x,x,x
292,HD현대오일뱅크㈜직영 북악셀프주유소,성북구,서울 성북구 정릉로 218 (정릉동),HD현대오일뱅크,"1,749","1,605",o,x,x,x,x
293,지에스칼텍스㈜ 화랑주유소,성북구,서울 성북구 화랑로 185,GS칼텍스,"1,749","1,683",x,x,x,x,x
294,㈜명연에너지 효성주유소,성북구,서울 성북구 화랑로 27,GS칼텍스,"1,755","1,625",o,x,o,x,o
295,지에스칼텍스㈜ 세창주유소,성북구,서울 성북구 동소문로 323,GS칼텍스,"1,769","1,688",x,x,x,x,x
296,SK에너지(주) 드림랜드주유소,성북구,서울 성북구 월계로 128 (장위동),SK에너지,"1,779","1,649",x,x,x,x,x
297,동일주유소,성북구,서울특별시 성북구  보문로 85 (보문동5가),S-OIL,"1,785","1,645",o,x,x,x,o
298,HD현대오일뱅크㈜직영 아리랑주유소,성북구,서울 성북구 아리랑로 96 (정릉동),HD현대오일뱅크,"1,787","1,670",o,x,x,x,x
299,신방주유소,성북구,서울 성북구 안암로 111 (안암동5가),S-OIL,"1,829","1,669",x,x,x,x,x
300,삼선주유소,성북구,서울 성북구 창경궁로 324,S-OIL,"1,875","1,675",o,x,x,x,x
301,대성주유소,송파구,서울 송파구 마천로 230 (마천동),SK에너지,"1,728","1,628",o,x,x,x,x
302,남성대주유소,송파구,서울 송파구 송파대로 52 (장지동),SK에너지,"1,733","1,624",o,x,o,x,o
303,위례드림주유소,송파구,서울시 송파구  위례중앙로 10,S-OIL,"1,733","1,644",o,x,x,x,o
304,지에스칼텍스(주)가든파이브주유소,송파구,서울 송파구 탄천동로 740,GS칼텍스,"1,733","1,624",o,x,x,o,o
305,지에스칼텍스(주)스마트위례주유소,송파구,서울 송파구 위례중앙로 43 (장지동),GS칼텍스,"1,733","1,624",o,x,x,x,x
306,위례제일주유소,송파구,서울 송파구 위례서로 260,S-OIL,"1,733","1,634",o,x,x,x,x
307,상아주유소,송파구,서울 송파구 거마로 82,S-OIL,"1,733","1,634",o,x,x,x,x
308,(주)삼표에너지 아시아주유소,송파구,서울 송파구 도곡로 438 (잠실동),GS칼텍스,"1,735","1,645",o,x,x,x,x
309,삼화주유소,송파구,서울 송파구 백제고분로 125,GS칼텍스,"1,735","1,645",x,x,x,x,o
310,지에스이앤알 직영 송파제일주유소,송파구,서울 송파구 삼학사로 50 (석촌동),HD현대오일뱅크,"1,735","1,645",o,x,o,x,o
311,HD현대오일뱅크㈜직영 잠실셀프주유소,송파구,서울 송파구 송파대로 397 (석촌동),HD현대오일뱅크,"1,735","1,645",x,x,x,x,o
312,(주)잠실에너지,송파구,서울 송파구 송파대로 442 (송파동),S-OIL,"1,745","1,645",o,x,o,x,o
313,(주)삼표에너지 우리주유소,송파구,서울 송파구 동남로 153,GS칼텍스,"1,745","1,645",o,x,x,x,x
314,(주)유진주유소,송파구,서울 송파구 동남로 325 (오금동),SK에너지,"1,756","1,649",o,x,x,x,x
315,(주)정직한주유소,송파구,서울 송파구 오금로 455 (거여동),HD현대오일뱅크,"1,757","1,647",o,x,x,x,x
316,(주)삼표에너지 훼미리주유소,송파구,서울 송파구 중대로 58 (문정동),GS칼텍스,"1,758","1,657",o,x,x,x,x
317,제트라인DM주유소,송파구,서울 송파구 중대로 183 (가락동),HD현대오일뱅크,"1,760","1,650",x,x,o,x,x
318,(주)퍼스트오일서울주유소,송파구,서울 송파구 문정로 153,S-OIL,"1,770","1,650",x,x,x,x,x
319,(주)신화에너지 서울지점,송파구,서울 송파구 가락로 47 (석촌동),SK에너지,"1,775","1,659",o,x,o,x,o
320,완불주유소,송파구,서울 송파구 송파대로 3 (장지동),SK에너지,"1,775","1,682",o,x,x,x,o
321,HD현대오일뱅크㈜직영 올림픽셀프주유소,송파구,서울 송파구 위례성대로 188 (오금동),HD현대오일뱅크,"1,786","1,682",o,x,o,o,o
322,송파주유소,송파구,서울 송파구 송이로 28 (송파동),GS칼텍스,"1,787","1,687",x,x,o,x,x
323,방이주유소,송파구,서울 송파구 위례성대로12길 38 (방이동),SK에너지,"1,795","1,695",o,x,o,x,x
324,백제고분로주유소,송파구,서울 송파구 오금로 143 (방이동),SK에너지,"1,795","1,695",o,x,o,o,o
325,한강에너지(주)퍼스트주유소,송파구,서울 송파구 삼학사로 22 (석촌동),SK에너지,"1,795","1,695",o,x,o,x,x
326,대성석유(주)석촌주유소,송파구,서울 송파구 백제고분로 289,GS칼텍스,"1,797","1,687",x,x,o,x,x
327,(주)뉴명성산업 남성주유소,송파구,서울 송파구 백제고분로 474 (방이동),HD현대오일뱅크,"1,869","1,789",o,x,x,x,x
328,대신석유(주)진양주유소,송파구,서울 송파구 올림픽로 499 (풍납동),SK에너지,"1,898","1,798",o,x,x,x,x
329,가로공원주유소,양천구,서울 양천구 가로공원로 165 (신월동),SK에너지,"1,708","1,587",o,x,x,x,o
330,플라트(주)서호주유소,양천구,서울 양천구 남부순환로 317,GS칼텍스,"1,708","1,587",o,x,o,x,x
331,양천구주유소,양천구,서울 양천구 국회대로 275 (목동),알뜰주유소,"1,708","1,597",o,x,o,x,o
332,현대주유소,양천구,서울 양천구 남부순환로 372 (신월동),S-OIL,"1,708","1,587",o,x,x,x,x
333,(주)타이거오일 신정주유소,양천구,서울 양천구 중앙로 226 (신정동),SK에너지,"1,714","1,614",x,x,x,x,x
334,형산석유(주)원주유소,양천구,서울 양천구 남부순환로 408,HD현대오일뱅크,"1,718","1,597",o,x,o,x,x
335,개나리Self주유소,양천구,서울 양천구 남부순환로 442 (신월동),SK에너지,"1,728","1,607",o,x,o,x,x
336,지에스이앤알 직영 서울주유소,양천구,서울 양천구 신정로 236 (신정동),GS칼텍스,"1,735","1,635",o,x,x,x,x
337,현대오일뱅크(주)직영 신목동셀프주유소,양천구,서울 양천구 목동동로10길 13,HD현대오일뱅크,"1,738","1,619",o,x,o,x,x
338,현대오일뱅크㈜직영 목동셀프주유소,양천구,서울 양천구 공항대로 648 (목동),HD현대오일뱅크,"1,738","1,619",x,x,x,x,x
339,지에스칼텍스㈜ 건지주유소,양천구,서울 양천구 안양천로 1171 (목동),GS칼텍스,"1,738","1,619",o,x,x,x,x
340,현대오일뱅크(주)직영 양천현대셀프주유소,양천구,서울 양천구 안양천로 1179 (목동),HD현대오일뱅크,"1,738","1,619",o,o,o,o,o
341,(주)삼표에너지 목동주유소,양천구,서울 양천구 목동서로 129 (목동),GS칼텍스,"1,738","1,619",o,x,x,x,x
342,목동주유소,양천구,서울 양천구 목동중앙로 125 (목동),SK에너지,"1,738","1,619",o,x,x,x,x
343,신월주유소,양천구,서울 양천구 신월로 193 (신월동),GS칼텍스,"1,738","1,618",x,x,x,x,x
344,현대오일뱅크(주)직영 남부순환셀프주유소,양천구,서울 양천구 남부순환로 553 (신월동),HD현대오일뱅크,"1,739","1,619",o,x,x,o,o
345,현대오일뱅크(주)직영 양정주유소,양천구,서울 양천구 국회대로 158 (신정동),HD현대오일뱅크,"1,739","1,619",x,x,x,x,x
346,현대오일뱅크(주)직영 양천셀프주유소,양천구,서울 양천구 목동로 17,HD현대오일뱅크,"1,747","1,600",o,x,x,x,x
347,SK에너지(주) 경인주유소,양천구,서울 양천구 국회대로 170 (신정동),SK에너지,"1,752","1,669",o,x,x,x,x
348,SK에너지(주) 신평,양천구,서울 양천구 목동남로 62,SK에너지,"1,767","1,672",o,x,o,x,x
349,신정동주유소,양천구,서울 양천구 안양천로 663 (신정동),HD현대오일뱅크,"1,767","1,657",o,x,x,o,x
350,(주)서부트럭터미날,양천구,서울 양천구 신정로 167 (신정동),HD현대오일뱅크,"1,789","1,679",o,x,x,x,o
351,삼미상사(주)신월IC셀프주유소,양천구,서울 양천구 중앙로 331 (신월동),SK에너지,"1,794","1,684",x,x,o,x,x
352,신양주유소,양천구,서울 양천구 지양로 67,SK에너지,"1,829","1,699",o,x,x,x,x
353,HD현대오일뱅크㈜직영 대일셀프주유소,영등포구,서울 영등포구 영등포로 168,HD현대오일뱅크,"1,703","1,612",x,x,x,x,x
354,영등포현대셀프주유소,영등포구,서울 영등포구 경인로 822 (영등포동),HD현대오일뱅크,"1,707","1,597",x,x,x,o,x
355,영등포제일셀프주유소,영등포구,서울 영등포구 가마산로 379,HD현대오일뱅크,"1,707","1,597",o,x,o,x,x
356,도림주유소,영등포구,서울 영등포구 도림로 343 (도림동),알뜰주유소,"1,707","1,597",x,x,o,x,x
357,성락주유소,영등포구,서울 영등포구 가마산로 414 (신길동),S-OIL,"1,717","1,617",o,x,x,x,x
358,(주)대청에너지 대청주유소,영등포구,서울 영등포구 가마산로 328 (대림동),GS칼텍스,"1,717","1,617",o,x,o,x,o
359,매봉주유소,영등포구,서울 영등포구 도신로 248 (신길동),HD현대오일뱅크,"1,725","1,645",o,x,o,x,x
360,(주)MS에너지,영등포구,서울 영등포구 대림로 230,HD현대오일뱅크,"1,727","1,617",o,x,x,x,x
361,한경석유(주)경덕주유소,영등포구,서울 영등포구 여의대방로23길 2 (신길동),SK에너지,"1,728","1,617",o,x,x,x,x
362,(주)강서오일,영등포구,서울 영등포구 도신로 151,HD현대오일뱅크,"1,728","1,617",x,x,x,x,o
363,지에스칼텍스㈜ 신길주유소,영등포구,서울 영등포구 신길로 74 (신길동),GS칼텍스,"1,730","1,617",o,x,x,x,o
364,㈜지에스이앤알 모드니주유소,영등포구,서울 영등포구 경인로 789,GS칼텍스,"1,735","1,635",o,x,x,x,x
365,(주)지에스이앤알 보라주유소,영등포구,서울 영등포구 영등포로 399 (신길동),GS칼텍스,"1,735","1,635",o,x,x,x,x
366,행촌주유소,영등포구,서울 영등포구 도신로 130 (신길동),SK에너지,"1,738","1,637",o,x,x,o,o
367,SK에너지(주) 신길동주유소,영등포구,서울 영등포구 영등포로 348 (신길동),SK에너지,"1,759","1,659",o,x,x,x,x
368,남서울고속주유소,영등포구,서울 영등포구 가마산로 367 (대림동),SK에너지,"1,759","1,659",o,x,x,x,o
369,지에스칼텍스㈜ 화일주유소,영등포구,서울 영등포구 도림로 415,GS칼텍스,"1,760","1,643",x,x,x,x,x
370,SK에너지(주) 양평주유소,영등포구,서울 영등포구 선유로 195 (양평동3가),SK에너지,"1,769","1,659",o,x,x,x,o
371,(주)한미석유 제2한강주유소,영등포구,서울 영등포구 선유로 260 (양평동4가),GS칼텍스,"1,769","1,659",o,x,x,x,x
372,씨앤에스유통 한성주유소,영등포구,서울 영등포구 여의대방로 227,S-OIL,"1,775","1,645",x,x,x,x,x
373,선유도주유소,영등포구,서울 영등포구 양평로 141 (양평동5가),S-OIL,"1,779","1,674",o,x,x,x,x
374,SK에너지(주) 기린주유소,영등포구,서울 영등포구 선유로 270,SK에너지,"1,779","1,669",o,x,x,o,o
375,성원이앤에스(주)영등포지점,영등포구,서울 영등포구 국회대로52길 9-13 (영등포동7가),GS칼텍스,"1,988","1,854",x,x,x,x,x
376,국회대로주유소,영등포구,서울 영등포구 국회대로 746 (여의도동),HD현대오일뱅크,"2,069","1,979",o,x,x,x,x
377,버드나룻길주유소,영등포구,서울 영등포구 버드나루로 111 (당산동),SK에너지,"2,140","1,945",o,x,x,x,x
378,SK KH에너지 여의도주유소,영등포구,서울 영등포구 국회대로 794 (여의도동),SK에너지,"2,160","2,149",o,x,x,x,x
379,SJ오일(주) 여의도주유소,영등포구,서울 영등포구 은행로 64,GS칼텍스,"2,240","2,390",o,o,x,o,o
380,HD현대오일뱅크㈜직영 한남동주유소,용산구,서울 용산구 한남대로 204 (한남동),HD현대오일뱅크,"1,898","1,788",o,x,o,x,x
381,(주)영원 풍기주유소,용산구,서울 용산구 원효로 178 (원효로2가),GS칼텍스,"2,050","1,920",x,x,x,o,x
382,HD현대오일뱅크㈜직영 갈월동주유소,용산구,서울특별시 용산구  한강대로 322 (남영동),HD현대오일뱅크,"2,085","1,970",o,x,o,x,x
383,동자동주유소,용산구,서울 용산구 한강대로104길 6 (동자동),SK에너지,"2,085","1,970",o,x,x,x,x
384,HD현대오일뱅크㈜직영 강변현대주유소,용산구,서울 용산구 원효로 9 (청암동),HD현대오일뱅크,"2,089","1,989",o,x,o,x,x
385,HD현대오일뱅크(주)직영 소월길주유소,용산구,서울 용산구 소월로 66 (후암동),HD현대오일뱅크,"2,089","1,979",o,x,x,x,x
386,(주)남경주유소,용산구,서울 용산구 녹사평대로11길 24,SK에너지,"2,162","2,099",o,x,o,x,o
387,(주)신태성주유소,용산구,서울 용산구 원효로 147 (원효로3가),SK에너지,"2,168","2,110",o,x,x,x,x
388,한남지점,용산구,서울 용산구 한남대로21길 4 (한남동),SK에너지,"2,287","2,167",x,x,x,x,x
389,에너비스,용산구,서울 용산구 한남대로 82 (한남동),SK에너지,"2,287","2,167",o,x,x,x,x
390,한석주유소,용산구,서울 용산구 이촌로 164,SK에너지,"2,375","2,272",o,x,x,x,o
391,서계주유소,용산구,서울 용산구  청파로 367 (청파동),GS칼텍스,"2,735","2,725",o,x,x,x,x
392,타이거주유소,은평구,서울 은평구 수색로 188 (증산동),SK에너지,"1,684","1,589",o,x,x,x,x
393,㈜오일닷컴 다회주유소,은평구,서울 은평구 증산로 441,S-OIL,"1,684","1,594",x,x,x,x,x
394,(주)디오티디 은평유니콘주유소,은평구,서울 은평구 통일로 1151 (진관동),HD현대오일뱅크,"1,694","1,584",o,x,x,x,x
395,지에스칼텍스(주)수색뉴타운주유소,은평구,서울 은평구 수색로 350 (수색동),GS칼텍스,"1,704","1,644",o,x,x,x,x
396,응암주유소,은평구,서울 은평구 응암로 163,HD현대오일뱅크,"1,714","1,614",x,x,x,x,x
397,지에스칼텍스㈜ 신사제일주유소,은평구,서울 은평구 증산로 423 (신사동),GS칼텍스,"1,714","1,644",o,x,x,x,o
398,지에스칼텍스㈜ 서부주유소,은평구,서울 은평구 응암로 210 (응암동),GS칼텍스,"1,714","1,654",o,x,o,x,x
399,불광주유소,은평구,서울 은평구 연서로 314 (불광동),HD현대오일뱅크,"1,717","1,587",o,x,x,x,x
400,대성산업㈜ 대성주유소,은평구,서울 은평구 통일로 642,GS칼텍스,"1,735","1,645",o,x,x,x,o
401,지에스칼텍스㈜ 녹번주유소,은평구,서울 은평구 통일로 600 (녹번동),GS칼텍스,"1,754","1,679",o,x,x,x,x
402,(주)명연에너지 수색훼미리주유소,은평구,서울 은평구 수색로 236 (수색동),HD현대오일뱅크,"1,755","1,625",o,x,x,x,x
403,박석고개주유소,은평구,서울 은평구 통일로 945 (갈현동),SK에너지,"1,758","1,638",o,x,x,x,o
404,성원이앤에스(주)은평지점,은평구,서울 은평구 통일로 968 (진관동),GS칼텍스,"1,758","1,638",o,x,x,x,x
405,은평뉴타운주유소,은평구,서울 은평구 통일로 924 (불광동),SK에너지,"1,758","1,638",o,x,o,x,x
406,뉴타운셀프주유소,은평구,서울 은평구 통일로 1031,S-OIL,"1,765","1,635",x,x,x,x,x
407,코끼리주유소,은평구,서울 은평구 서오릉로 41 (녹번동),자가상표,"1,818","1,718",o,x,x,x,x
408,HD현대오일뱅크㈜직영 재동주유소,종로구,서울 종로구 율곡로 58 (경운동),HD현대오일뱅크,"1,738","1,619",x,x,x,x,x
409,㈜지에스이앤알 평창주유소,종로구,서울 종로구 평창문화로 135 (평창동),HD현대오일뱅크,"1,825","1,694",o,x,x,x,x
410,안풍주유소,종로구,서울 종로구 자하문로 303,S-OIL,"1,829","1,699",o,x,x,x,x
411,자하문주유소,종로구,서울 종로구 자하문로 248 (부암동),SK에너지,"1,829","1,659",o,x,x,x,x
412,구도일주유소특종,종로구,서울 종로구 평창문화로 90 (평창동),S-OIL,"1,860","1,730",o,x,x,x,x
413,경복궁주유소,종로구,서울 종로구 율곡로 6 (중학동),GS칼텍스,"2,280","2,160",x,x,x,x,x
414,(주)중앙에너비스 혜화주유소,종로구,서울 종로구 창경궁로35길 1,SK에너지,"2,287","2,085",x,x,x,x,x
415,SK북악주유소,종로구,서울 종로구 평창문화로 137,SK에너지,"2,298","2,148",o,x,x,x,x
416,(주)대양씨앤씨 사직주유소,종로구,서울 종로구 사직로 65 (사직동),GS칼텍스,"2,320","2,195",x,x,x,x,x
417,다산주유소,중구,서울 중구 다산로 233,S-OIL,"1,769","1,609",x,x,x,x,x
418,장충드림주유소,중구,서울 중구 동호로 296,S-OIL,"1,825","1,695",o,x,x,x,x
419,세화주유소,중구,서울 중구 왕십리로 403,알뜰주유소,"1,828","1,698",o,x,o,x,o
420,HD현대오일뱅크㈜직영 장원주유소,중구,서울 중구 동호로 203 (신당동),HD현대오일뱅크,"1,868","1,728",x,x,x,x,x
421,SK에너지(주) 퇴계로주유소,중구,서울 중구 퇴계로 228 (필동2가),SK에너지,"1,954","1,924",x,x,x,x,x
422,장충주유소,중구,서울 중구 장충단로 202 (장충동1가),SK에너지,"2,058","1,949",o,x,x,x,o
423,신당동주유소,중구,서울 중구 다산로 242 (신당동),SK에너지,"2,148","2,098",o,x,x,x,o
424,약수주유소,중구,서울 중구 다산로 173,GS칼텍스,"2,378","2,297",o,x,o,x,o
425,필동주유소,중구,서울 중구 퇴계로 196 (필동2가),GS칼텍스,"2,499","2,469",x,x,x,x,o
426,서남주유소,중구,서울 중구 통일로 30,SK에너지,"2,742","2,696",o,x,x,x,o
427,오천만주유소,중랑구,서울 중랑구 동일로 547 (면목동),S-OIL,"1,737","1,577",o,x,x,x,x
428,면목SELF주유소,중랑구,서울 중랑구 동일로 627 (면목동),SK에너지,"1,739","1,579",o,x,o,x,x
429,(주)자연에너지 대창주유소,중랑구,서울 중랑구 동일로 636 (면목동),HD현대오일뱅크,"1,739","1,579",x,x,x,x,x
430,대원주유소,중랑구,서울 중랑구 동일로 600,GS칼텍스,"1,749","1,589",o,x,x,x,x
431,구도일주유소 동천,중랑구,서울 중랑구 동일로 654 (면목동),S-OIL,"1,749","1,599",o,x,x,x,x
432,(주)태영 구도일주유소 한인,중랑구,서울 중랑구 망우로 170 (상봉동),S-OIL,"1,755","1,635",o,x,o,x,x
433,우림주유소,중랑구,서울 중랑구 용마산로 487 (망우제3동),GS칼텍스,"1,757","1,615",o,x,x,x,x
434,대양주유소,중랑구,서울 중랑구 봉우재로 105 (상봉동),GS칼텍스,"1,757","1,597",o,x,x,x,x
435,(주)기지에너지,중랑구,서울 중랑구 용마산로 716 (신내동),S-OIL,"1,759","1,619",x,x,x,x,x
436,신내주유소,중랑구,서울 중랑구 용마산로 705 (신내동),SK에너지,"1,759","1,619",o,x,x,x,x
437,신일셀프주유소,중랑구,서울 중랑구 상봉로 58 (망우동),SK에너지,"1,789","1,658",o,x,o,x,o
438,용마로주유소,중랑구,서울 중랑구 용마산로 309 (면목동),SK에너지,"1,798","1,638",o,x,x,x,x
439,범아주유소,중랑구,서울 중랑구 동일로 881 (묵동),S-OIL,"1,849","1,689",o,x,o,x,x
