,Unnamed: 0,회사이름,급여,경력,학력,스킬,채용 포지션,담당업무,지원자격,우대사항
0,0,㈜티라로보틱스,회사 내규에 따름,무관,초대졸 이상,"C/C++, Python, Linux, ROS",로봇 필드 엔지니어,"로봇 설치
주행환경 map, 경로 설계/구축
현장 시나리오 설계/구축
고객 교육
유지보수, 점검, 이슈조치","Python 초급 이상, Linux 가능자
현장 의사소통 역량 보유자 
운전가능자
기계공학, 전기 및 전자공학, 컴퓨터 공학 등 관련 학과 전공자","자동화 설비, 로봇 설치/운영/수리 경력
Linux, DOCKER 경력
로봇을 좋아하는 엔지니어"
1,1,㈜티라로보틱스,회사 내규에 따름,무관,초대졸 이상,"C/C++, Python, Linux, ROS",로봇 미들웨어 sw 개발,"로봇 미들웨어 sw개발
ROS 기반 제어 프로그램 개발
시나리오 task unit개발
로봇 시스템 프로그램
구동제어, 센서 장치 드라이버 개발
리눅스 시스템 관리","C/C++ 또는 Python 중급 이상
리눅스 시스템에 대한 이해 및 프로그램 개발 경력
기계, 컴퓨터, 로봇, 소프트웨어 공학 등 관련 학과 전공자","로보틱스 분야에 대한 이해 및 개발 경력
ROS/ROS2 개발 경력
통신 인터페이스 개발 경력"
2,2,㈜티라로보틱스,회사 내규에 따름,무관,초대졸 이상,"C/C++, Python, Linux, ROS",자율 주행 엔진 개발,"경로 생성 알고리즘 개발
모션 제어
object(사람, 사물, 로봇 및 그 외 정지 및 이동체)의 인지 및 추적","로보틱스 기술분야에 대한 이해 및 개발경험.
C/C++ & Python 중급이상.
ROS 또는 ROS2 사용 가능
기계, 컴퓨터, 로봇, 소프트웨어 공학 등 관련 학과 전공자","CUDA 프로그래밍 개발 경력
실내외 자율주행 개발 프로젝트 수행 경력 경력 2년 이상"
3,3,(주)유진로봇,회사 내규에 따름,8년 이상,석사 이상,"C/C++, Keras, Pytorch, Tensorflow, Ai, caffe, theano",청소로봇개발사업부 AI 엔지니어,"Computer Vision, Sound를 통한 Human/ Object Recognition Algorithm 분석 및 설계
AI 기능을 적용한 application 개발","인공지능 또는 관련학과 석사 이상
C/C++언어의 능숙한 사용(필수)
Image/Sound Classification 구현 경험
데이터 분석 툴 사용
-Machine Leaming 최신 논문 이해 및 설계 가능
Machine Leaming Framework 개발 유경험자(tensorflow, caffe, theano, pytorch, keras 등)","Machine Learning 관련 상용 제품 개발 경험자
Mobile platform 제어 유경험자
AI 기능에 대한 application level 개발 유경험자
영어로 기술 업무(Written & Spoken) 진행 가능한자"
4,4,(주)트위니,회사 내규에 따름,무관,무관,"HMI, Linux, 어셈블리",자율주행 로봇 S/W 개발자,"자율주행 로봇 알고리즘 개발(SLAM, 모션플래닝, 제어, 인지AI)","
공학계열학위 or 공학계열 지식","신호처리, 알고리즘, 컴퓨터, 로봇관련 분야 석사 이상 학위 보유자
모션플래닝, 컨트롤, 환경 인식 등 자율주행 로봇 관련 연구/실무 경험자
ROS 이용 경험
자율주행 로봇에 관심이 있으신 분"
5,5,엑스와이지,회사 내규에 따름,3년 이상,석사 이상,"C/C++, Python, Computer Vision, Image Processing, Machine Learning",AI로봇 비전 개발자,"XYZ의 비전 기반 Object Detection/Recognition 파트 개발
로봇 카페 Pickup zone 인식 알고리즘 개발
비전 기반 로봇 주변 환경 인식 (Top-down camera view, Gripper-mounted camera view)
비전 기반 로봇-사용자 상호작용 개발 (Human Robot Interaction)
2D/3D Detection, Tracking, Recognition, Reidentification, Mapping 알고리즘 연구 및 개발
인공지능 학습을 위한 비전 데이터 파이프라인 설계 및 구현","C/C++ 및 Python 기반 알고리즘 개발 경력 3년 이상
관련 분야의 석사 이상 학위를 보유하신 분
Computer vision, Image processing, Machine learning 등 관련 기술에 대한 전반적인 이해가 있으신 분
Linux, Git 기반의 개발 및 협업 경험이 있으신 분
다양한 직군의 구성원들과 협업하여 프로젝트를 이끌수 있는 역량을 갖추신 분","로봇공학, 컴퓨터공학, 전자공학, 기계공학 등 로보틱스 관련 분야의 석사/박사 학위를 보유하신 분
관련 분야의 개발 경력 5년 이상 혹은 그에 준하는 실력을 갖추신 분
관련 논문이나 기술 관련 문서를 이해하고 이를 바탕으로 구현이 가능하신 분
Machine Learning Framework 개발 경험자 (Tensorflow, Caffe, Theano, PyTorch, Keras 등)
Noise Robust, Occlusion, Data Imbalanced Problem에 관한 이해가 있으신 분
영어로 기술 업무(Written & Spoken) 진행 가능한 자
ROS/ROS2 기반 개발 경험이 있으신 분
ROS를 활용하여 Movelt Pacakge를 활용한 경험이 있으신 분
MuJoCo, IsaaC Sim 등 DynamiC simulator를 다뤄본 경험이 있으신 분"
6,6,텔레웍스,회사 내규에 따름,9년 이상,초대졸 이상,"Android,C/C++,Linux",로봇(안내/배송/물류 로봇 등) System 소프트웨어 개발,"Battery BMS 제어 / 충전, 방전 SW 개발 / 시스템
동작 모드별 소모 전류 최적화","학력 : 초대졸 이상
경력 : 경력9년 이상",NaN
7,7,가온그룹(주),회사 내규에 따름,무관,초대졸 이상,"Python,ROS,SLAM,알고리즘,Localization",로봇사업 부문,로봇 ROS 개발,"경력 : 무관
ROS(ROS1,2)에 대한 지식 또는 개발 유경험자
로봇의 구성과 제어에 대한 지식 또는 경험을 보유한 자","SLAM 및 네비게이션 개발 경험 보유자(알고리즘)
양산 개발 경험자"
8,8,(주)로보스타,회사 내규에 따름,3년 이상,대졸 이상,"C/C++, Linux",ROBOT SW 개발,"담당업무 로봇제어기 어플리케이션 개발
티칭펜던트 기능 추가 개발","학력 : 대졸 이상 (4년)
경력: 경력 3년 이상
필수 능력:
Linux 기반 C/C++ 프로그램 경험 필수
Real-time OS에 대한 전반적인 이해 필수
QT 개발 경험 및 TCP/IP 통신 프로토콜 개발 경험必","석사 이상 우대
관련 업무 경험자
Firmware 개발 업무 경험자
로봇 Hardware 회로 설계 경험자
EMC 고려한 회로 설계 경험자 -Analog 및 Digital 회로 해석 경험자 
장애인 및 국가보훈대상자"
9,9,㈔대덕이노폴리스벤처협회,회사 내규에 따름,무관,무관,NaN,로봇제어 및 기술대응,FAE/기술지원/로봇제어,"경력 : 무관
학력 : 무관","컴퓨터/시스템공학, 전기/전자/기계공학
메카트로닉스 Linux, Python 중 1개 이상 프로그래밍 유경험자
ROS/ROS2 유경험자"
10,10,㈔대덕이노폴리스벤처협회,회사 내규에 따름,무관,무관,NaN,로봇 디바이스 제어프로그래밍,ROS2 기반 센서네트워크 개발,NaN,"C++, 이누이노(C) 개발 가능자
컴퓨터/시스템공학, 전기/전자/기계공학
메카트로닉스 Linux, Python 중 1개 이상 프로그래밍 유경험자
ROS/ROS2 유경험자"
11,11,㈜에스티앤아이,"2,800~",무관,초대졸 이상,"C#,Net,API,Python,cad/cam,로봇,공정 시뮬레이션,로봇 시뮬레이션",로봇 및 공정 시뮬레이션 소프트웨어 개발자,"로봇 및 공정 시뮬레이션 지원
시뮬레이션 API 개발","학력 : 초대졸이상(경력무관)
경력 : 경력무관","차량소지자
전공 : 기계, 메카트로닉스, 로봇, 산업공학, 전산학, 컴퓨터공학"
12,12,에이지로보틱스,회사 내규에 따름,5년 이하,초대졸 이상,"Arduino, C/C++, MFC, OpenCV, Python, Visual Studio, AutoCAD, CATIA, 2D 설계",로봇 SW 및 알고리즘 개발,이동 로봇 전자 및 SW 개발,"전공: 전자/전기/제어계측/ 메카트로닉스/컴퓨터공학]
경력 : ~ 5년 이하 (사원, 대리, 팀원급)
OrCAD 사용 가능
기본적인 언어 등 프로그램 지식을 보유","전자회로 설계/MCU 개발 경험자
AI 비전처리 알고리즘 개발 경험자
로봇시스템 설계 경험자"
13,13,에이지로보틱스,회사 내규에 따름,5년 이하,초대졸 이상,"Arduino, C/C++, MFC, OpenCV, Python, Visual Studio, AutoCAD, CATIA, 2D 설계",HW 및 로봇시스템 개발,기구 메카니즘/부품 설계 및 제품 개발,"전공 : 기계공학, 기계설계, 메카트로닉스 분야
경력 : ~ 5년 이하 (사원, 대리, 팀원급)
2-D 도면작성 및 3-D 모델링","부품 및 기구장치의 설계, 제품개발 경험
로봇시스템 설계 경험자
Auto cad, CATIA 경험자"
14,14,(주)에스와이에스홀딩스,회사 내규에 따름,3년 이상,대졸 이상,"CAD,OrCAD,FW, SW",ICT융합 신제품 개발 및 분석,NaN,"학력 : 대졸이상 (졸업예정자 가능)
경력: 신입·경력3년 이상","석사학위 수여자
박사학위 수여자
전공 : 기계·메카트로닉스·로봇, 전기·전자공학, 전산학·컴퓨터공학"
15,15,(주)테솔로,"3,300~6,000",신입 또는 경력,대졸 이상,NaN,AI / 비전 시스템 개발 엔지니어,"물체별 3D 모델(Point Cloud)에 따른 그리퍼 픽 포인트(Pick-Point) 생성 알고리즘 개발 
물체 인식에 따른 그리퍼 파지 동작 추정","학력 : 대졸 이상 (졸업예정자 가능)
경력 : 신입 및 경력","강화학습을 기반으로 한 다관절 로봇 알고리즘 개발 경험이 있는 분 (또는 유사 경험이 있는 분)
로봇 연구실 경험이 있는 분
로봇 관련 업무 경험이 있는 분 (해당직무 근무경험)
컴퓨터/시스템공학, 공학 계열자
공모전 입상자
인근 거주자 (기업부설연구소 광명지사(근무지))"
16,16,클로봇,회사 내규에 따름,2년 이상,대졸 이상,"C++,Python",로봇 미들웨어 S/W 개발자,"다수 주행 로봇 교통관리 소프트웨어 개발
통신 인터페이스 구현
서비스 로봇 미들웨어 개발","C++ 또는 Python 을 통한 개발 가능하신 분
프로그램 설계, 디버깅, 자료구조/알고리즘 프로그래밍에 대한 능력","ROS/ROS 2 사용 경험
Multi-Thread 프로그램 개발 경험
Modern C++에 대한 이해 및 개발 경험
Python에 대한 높은 이해도
MQTT, ZeroMQ 등 통신 라이브러리 사용 경험
팀과의 협업을 중요하게 생각하는 사람"
17,17,로보티즈,회사 내규에 따름,1년 이상,대졸 이상,"C/C++,Reactjs,ROS/ROS2","로보틱스 소프트웨어 
시스템 및 태스크 제어","리눅스 시스템 관리 기능 개발
ROS 기반 프로그래밍","컴퓨터,전자제어, 로봇, 소프트웨어 공학 또는 관련학과의 학사 이상의 학위
C++ 프로그래밍 언어에 대한 이해 및 개발 경험","ROS2 관련 연구 경험
임베디드 시스템 관련 전공 지식
Arm 프로세서 활용 경험
Linux 환경에서의 알고리즘 개발 경 험"
18,18,로보티즈,회사 내규에 따름,1년 이상,대졸 이상,"C/C++,Reactjs,ROS/ROS2","로보틱스 소프트웨어
모바일 및 매니퓰레이터 제어",Mobile Manipulator Motion Control,"컴퓨터, 전자, 제어, 로봇, 소프트웨어 공학 또는 관련학과의 석사 이상의 학위 (석사/박사)
C++ 프로그래밍 언어에 대한 이해 및 개발 경험","ROS2 관련 연구 경험
Kinematics 관련 전공 지식
제어 관련 전공 지식"
19,19,로보티즈,회사 내규에 따름,3년 이상,대졸 이상,NaN,Sensor Fusion Engineer,"이종 센서 (Camera,LiDAR,Radar, IMU,GNSS 등)를 활용한 Localization 알고리즘 개발
자율주행을 위한 Sensor Data Filtering 알고리즘 개발
이종 센서 간 Data Association Calibration 기술 개발","컴퓨터, 전자, 제어, 로봇, 소프트웨어 공학 또는 관련 학과의 학위 (석사/박사)
Sensor Geometry Kalman, Particle Filter || 대한 이해
C/C++ 등의 프로그래밍 언어 활용 능 력 보유자","딥러닝 프레임워크(Pytorch, Tensorflow등) 에 대한 경험
딥러닝 모델 최적화에 대한 경험
Docker, 쿠버네티스 사용 경험 보유자
자율주행 프로젝트 경험 보유자"
20,20,로보티즈,회사 내규에 따름,3년 이상,대졸 이상,NaN,Local Navigation Engineer,"카메라 기반의 로컬 경로 생성 알고리즘 개발 
영상처리를 통한 카메라 센서 데이터 전/후처리
행동 트리 기반의 실시 간 내비게이션 프로세스 개발","컴퓨터, 전자, 제어, 로봇, 소프트웨어 공학 또는 관련 학과의 학위 (학사/석사/박 사)
A*, RRT, Potential Field Path Planning 알고리즘에 대한 이해 및 적용 경험
C/C++ 등의 프로그래밍 언어 활용 능 력 보유자","영상처리 기반의 Path Planning 알고리즘을 실제 애플리케이션에 적용한 경험 
자율주행 관련 프로젝트 수행 경험 CUDA 커널 프로그래밍 활용 경험
ROS / ROS 2 개발 경험"
21,21,로보티즈,회사 내규에 따름,3년 이상,대졸 이상,NaN,MLOps 파이프라인 개발,"학습 데이터 구조화/태깅/ 배포자동화 시스템 구축
딥러닝 모델 학습/평가자 동화 파이프라인 개발
네트워크 프로파일링을 통 한 딥러닝 모델 최적화","학사 이상의 로봇/컴퓨터/소프트웨어공학 계열 전공자
MLOps 구축 유경험자
OpenCV, Numpy, Pandas 등을 이용한 데 이터 처리 경험
Computer vision, image processing 관련 기술에 대한 이해
영상 정보 기반의 deep learning inference pipeline에 대한 이해
Python 이해 및 개발 능숙","딥러닝 프레임워크(Pytorch, Tensorflow 등)에 대한 경험
딥러닝 모델 최적화에 대한 경험
Docker, 쿠버네티스 사용 경험 보유자
자율주행 프로젝트 경험 보유자"
22,22,로보티즈,회사 내규에 따름,1년 이상,대졸 이상,"C/C++,CSS,HTML,Javascript,Python,TypeScript,Reactjs,ROS/ROS2","로봇 S/W 다중 로봇 통합 운용 제어
","다중 로봇 통합 운용 제어 S/W
-여러 대의 로봇이 충돌 없이 효율적인 운용이 가능하도록 교통제어 
다중 로봇 사이의 효율 적인 작업할당
외부 시스템(앱, 관제시스템, 타사 시스템 등)과 연계를 위한 로봇용 미들웨어 개발","다중 로봇 제어 알고리즘에 대한 이해
자료 구조 및 알고리즘 프로그래밍 에 대한 이해
C/C++ or Python 이해 및 개발 능숙","ROS/ROS2 개발 경험
행동 트리를 사용한 로봇 개발 경험
멀티로봇 태스크 스케줄링 소프트웨어 개발 경험
아키텍쳐 설계 및 Multi Agent 환경 개발 경험"
23,23,로보티즈,회사 내규에 따름,1년 이상,대졸 이상,"C/C++,CSS,HTML,Javascript,Python,TypeScript,Reactjs,ROS/ROS2",Front-End 로봇 관제 시스템 WEB,로봇 관제 시스템 WEB 개발,"React.js / Typescript 필수
HTML, CSS, Javascript에 대한 이해","JS 이외 다른 언어 경험
Back-End 개발 경험
Socket.io/실시간 서비스 사용 경험"
24,24,(주)고스트로보틱스테크놀로지,회사 내규에 따름,3년 이상,대졸 이상,NaN,로봇 및 인공지능 연구 개발,"무인 4족보행로봇 및 임무 장비 제어 (로봇팔 제어, 사족보행로봇제어)
로봇 임무 수행 AI 연구/개발
(SLAM, Path / motion planning, Collision avoidance, Object detection & tracking)
로봇 S/W 기술 지원","학력 : 석사이상 (기계, 전자, 소프트웨어 등)
경력: 경력3년↑
필수사항 : 영어 의사소통 가능자","OPIC IM3, TOEIC 815점, 토익스피킹IH, New TEPS 316점 이상 2년 이내 자격증 소지자)
SLAM, 딥러닝, 강화학습, 네트워크, 보안 등 하나이상의 전문성
Git를 통한 협업 가능자
로봇 및 AI 해외학회 논문 등재 경험 (IROS, ICRA, RAL, CVPR, ICML 등)"
25,25,(주)씨디알시스템,회사 내규에 따름,무관,무관,"C/C++, C#, Delphi",자동화 SW엔지니어,"이기종 다수의 로봇, 장비를 연결하여 제어하게 됩니다.
다양한 운용 시나리오를 바탕으로 최소 단위의 해결책을 만들어내고 고객을 통해 검증하며 시퀀스를 완성시켜 나갑니다.","무관, 경력 무관
Python API 경험
적어도 1개 이상의 윈도우 어플리케이션 개발환경 사용 (C, C++, C#, Delphi 중 1개 이상)","다종의 (협동)로봇시스템을 운용, 교육하기 위한 실무 경험
로봇과의 통신, 장비 간의 통신을 위한 지식 보유
Unity, CoppeliaSim 같은 물리시뮬레이션 툴에서 3D 모델을 구성할 수 있는 기능"
26,26,주식회사 루덴스파트너스 ,"4,000~10,000",5년 이상,대졸 이상,"C++, C#, Window, Linux, Net, Javascript, 
Cloud, Python, Visual Studio, ROS, Unity",기업부설연구소 로봇SW개발 연구원,"로봇SW개발 및 비전 인식 알고리즘 개발
주방 자동화 로봇 SW 개발 및 딥러닝, 강화학습 알고리즘 개발
(다관절 매니퓰레이터, 갠트리 로봇 등 활용한 로봇 조리 주방 자동화 SW 개발)
정부 수탁 연구 과제 수행자 우대
동역학 시뮬레이션 사용자 우대","학력 : 대졸이상(4년제, 석/박사 로봇공학 전공자 우대)
경력 : 5년 이상","로봇 전공 석사 및 박사학위 수여자
관련 학과 전공자
관련 자격증 보유자
유관업무 경력자 (5년)
대기업 근무 경험자
국가(공공)기관 연구원 출신자
영어가능자
중국어가능자
일본어가능자
컴퓨터활용능력 우수자
프리젠테이션 능력우수자
CAD/CAM 프로그램 능숙자
문서작성 우수자
장기근무 가능자
인근거주자
자격증 : SW코딩자격 1급, 로봇소프트웨어개발기사, SW테스트 전문가(CSTS) 고급등급(Advanced Level)
전공 : 기계·메카트로닉스·로봇, 전산학·컴퓨터공학, 응용소프트웨어공학"
27,27,(주)베이리스,회사 내규에 따름,5년 이상,대졸 이상,"C++, OpenCV, Python, Linux","Robot (로봇제어 및 자율주행) S/W 개발자
","Lv4 이상 자율주행 소프트웨어 개발 및 SDV개발을 위한 구책과제 주관
AI 비전 인식 기술을 기반으로 배송로봇 개발
AI기반 자율주행, 로봇 소프트웨어 개발, 로봇양산 관련 커리어패스","경력기간 : 경력 4년~8년
소프트웨어 개발 계열의 학사이상 학력소지자
Linux 상 SW개발 경험자
ROS/ROS2을 이용한 로봇SW 개발 경험자
로봇 시뮬레이션 경험자
SLAM 개발 경험자
C++/Python
ROS/ROS2
SLAM","국책 및 양산프로젝트 SW 개발 유경험자
사물인식 기능 개발 유경험자
CI/CD 유경험자"
28,28,큐렉소(주),회사 내규에 따름,2년 이상,대졸 이상,"API, C++",의료로봇 계획SW 개발 및 유지보수,-CUVIS-joint(관절수술로봇) 수술 계획 S/W 개발,"학력 : 학사 이상
-경력 : 2년 이상
C++ (표준 라이브러리) 개발 경력 2년 이상 또는 그에 준하는 지원자
VS Code 또는 Cmake 이용한 개발 경력 경험자","그래픽스(Numerical Recipes) API 활용한 개발 경험자
(Volume Rendering 이해 및 시뮬레이션 경험자)
의료영상처리 개발 경험자
자바 스크립트 사용 개발 경험자"
29,29,(주)제우스로보틱스,회사 내규에 따름,무관,대졸 이상,"Python, ROS2, Cpp",AGV/AMR 지능형 로봇 SW 개발경력자,"-자율주행 알고리즘 개발
지능형로봇 SW 개발 (ROS2 기반)","학력 : 대졸이상
경력 : 경력무관","유관업무 경력자 (3년)
인근거주자"
30,30,(주)인텔렉투스,회사 내규에 따름,3년 이상,무관,NaN,임베디드 리눅스 경력 개발자,"차량 컴퓨팅 플랫폼 기반 미들웨어 플랫폼 개발
임베디드 리눅스 기반 시스템 설계 및 개발
DDS 기반 메시징 처리 기술 개발
스트림 데이터 병렬처리 기술 개발","숙련된 Linux 시스템 관리자 기술
중급 프로그래밍/스크립팅 기술 (C/C++, Python, Rust 등)
네트워크 원리에 대한 이해 및 문제 해결 능력 (DNS, TCP/IP, HTTP)
데이터 구조 및 알고리즘의 기본적인 이해
ROS 기반의 소프트웨어 개발, 임베디드 시스템 개발 경험
Yocto 활용 경험","관련 실무 경력 또는 학위 소지자
Adaptive AUTOSAR 관련 경험
ROS2 기반 개발 경험
임베디드 리눅스 포팅 및 개발 환경 구축 경험"
31,31,(주)세오,회사 내규에 따름,NaN,대졸 이상,"C, C++, JAVA, Python, Linux OrCAD, pads, ROS, SLAM",로봇개발 미들웨어 회로설계 자율주행,"순찰 로봇 미들웨어 개발
순찰 로봇 자율주행
로봇 회로설계","대졸 이상
C/C++, Python
유관 업무 경력 2년 이상
ORCAD/PADS 사용가능
MCU 회로설계 경험
SLAM/자율주행
ubuntu","석사학과 우대
관련학과 전공자
로봇 개발 경험자
ROS 경험자"
32,32,에이알247(주),회사 내규에 따름,2년 이상,대졸 이상,"C++, Python, Ubuntu, Linux, ROS",자율주행 로봇 모션 제어 개발자,"Autonomous Robot Motion Control & Behavior Control
Path Planning, Lower level Controller, Behavior Control
MPC, PWM, PID, A*, HA*, Frenet, PP Control, ETC","학력 : 대졸이상
경력: 2 ~ 10년","C/C++
ROS
Mobile Robot Motion Control Engineer"
33,33,(주)제스엔지니어링,회사 내규에 따름,신입 또는 경력,대졸 이상,"C#, C++,java ,Python",AI 로봇(ROS) 인공지능 개발자,"서비스로봇 제어 플랫폼 개선
rcs 개발 및 유관 시스템 연동 개발","초대졸 이상 (졸업 예정자 가능)
신입 및 경력 10년 ↓","프로그램 개발 관련 학과
자격증(정보처리 산업기사, 정보처리 기사)
컴퓨터 활용능력 우수, 해당직무 근무경험
기획 및 시스템 설계 경험
ROS 활용가능자
모바일로봇 개발 경험자"
34,34,(주)트위니,회사 내규에 따름,무관,무관,NaN,로봇 관제 개발팀,"자율주행 로봇 관제 시스템의 핵심인 다중 로봇 관제 기술을 신뢰성있고 높은 성능으로 연구, 개발하는 것에 중점을 두고 있습니다.
다중 로봇 관제 기술을 통해 물류센터나 공장과 같은 환경을 로봇을 활용하여 자동화하고, 스마트 오피스를 구성하여 로봇과 공존하는 환경을 만들어갑니다.","다중 로봇 관제 분야에서 석사학위 혹은 이에 준하는 경력을 가지신 분
다중 로봇 관제 분야(MAPE, MAPD 등), 작업 할당 알고리즘 연구 유경험자
팀원과의 원활한 소통 및 협업 능력",다중 로봇 관제를 활용한 서비스 구축 및 운영 경험
35,35,에이알247(주),회사 내규에 따름,신입 또는 2년 이하,대졸 이상,C++ ROS Python CA Linux  SW,자율주행 로봇 Motion Control 개발자,"자율주행 로봇 Motion Control 담당 제어 소프트웨어 개발자
자율주행 모바일 로봇의 모터,액츄에이터, 제어 low level controller","Motion Control 제어 관련 개발 경험
종방향, 횡방향, Differential Drive, Ackermann Steering, Omnidirectional Drive 이론 지식
모터 드라이버, 모터 컨트롤러, PWM, Torque Control, Velocity Control",Motion 관련 lower level controller 개발 경험
36,36,한화오션(주),회사 내규에 따름,신입,석사 이상,NaN,팹자동화연구 생산혁신연구,"-기계/기구설계/최적설계/3D CAD
전기/전자 시스템 설계/신호처리/방폭설계
자동화시스템 제어/프로그램밍/EtherCAT Motion/HMI/PLC
플랜트시뮬레이션/Siemens Smart Plant
공장 자동화, 스마트팩토리, IOT, DX
다축 모션제어 및 자동화 시스템(로봇포함) 제어",NaN,"기계공학, 전기전자공학, 컴퓨터공학 우대"
37,37,한화오션(주),회사 내규에 따름,신입,석사 이상,NaN,로봇연구 생산혁신연구,"로봇/자동화 장비 기구부 설계 및 해석
로봇 제어, 모션제어, 실시간 제어
제어기, 전장/회로, 임베디드시스템 개발
머신비전, 센서시스템 개발
로봇응용, 머신러닝, User I/F 개발",NaN,"기계공학, 전기전자공학, 컴퓨터공학 우대"
38,38,엘지전자(주),회사 내규에 따름,신입,대졸 이상,NaN,기구설계  생산기술원,"장비 기구 설계
각 장비별 2D, 3D 기구 설계 및 검토
장비(자동화, 검사, 이차전지, 레이저 응용, R2R 장비 등) Concept 설계, Layout 설계
구조 설계, 열 유체 유동 설계, 소음/진동 부품 설계
레이저 / 광학 시스템 설계
산업용 모바일(이송) 로봇 개발","
기계공학, 전기전자공학, 자동차공학, 메카트로닉스공학, 항공우주공학, 반도체공학
생산공학, 메카트로닉스, 자동차공학, 로봇공학, 광전자공학, 반도체공학
2D/3D 설계 및 해석 역량 보유
구동부 설계 기술, 구조 연구 경험","자동화 장비 개발 및 PM 경험 우대
차별화 공법 및 솔루션 개발 경험 우대"
39,39,엘지전자(주),회사 내규에 따름,신입,대졸 이상,NaN,Application SW BS본부,"Application SW
차별된 디스플레이 및 EV충전의 전문적 솔루션 제안과 사람 이해 바탕의 LG Cloi 로봇
솔루션 제공을 목표로 최적의 Application을 개발
webOS Application, Web Application 7H
Android Application, Windows Application, Linux Application 개발 (QT/C++)
Android, Linux 기반 로봇 Framework SW 설계 및 개발
로봇 SW 기능간 연동 인터페이스 설계 및 개발","
컴퓨터공학, 소프트웨어공학, 정보통신공학 등 SW 관련 학과
프로그래밍언어, 컴퓨터아키텍쳐, 소프트웨어공학, 자료구조, 알고리즘, 운영체계, 데이터베이스, 시스템프로그래밍
컴퓨터/소프트웨어공학 혹은 관련 학과의 학사 이상 학위 소지자
Python, C, C++, Java, Javscript 등 개발 프로그래밍 언어 활용 경험","성장하는 기술 분야에서 열의를 가지고 자신의 커리어를 만들어가고 싶으신 분
유관 전공의 석사 이상 학위 소지자
'SW 개발 프로세스에 대한 전반적인 이해가 있으신 분
중급 이상의 Java/C++ 기반 기능 설계, 구현, 단위 테스트 역량"
40,40,엘지전자(주),회사 내규에 따름,신입,대졸 이상,NaN,Middleware BS본부,"-차별화된 디스플레이 및 EV충전의 전문적 솔루션 제안과 사람 이해 바탕의 LG Cloi
로봇 솔루션 제공을 목표로 Application 개발을 위한 서비스 또는 프레임워크를 개발 무선통신 SW
IoT (Internet of Things) Software 및 네트워크 프로토콜 (TCP/IP, Wi-Fi, Bluetooth) 개발
프레임워크
웹 표준기술 기반의 웹 엔진/프레임워크 개발
Android, Linux 기반 로봇 Framework SW 설계 및 개발
로봇 SW 기능간 연동 인터페이스 설계 및 개발
멀티미디어 재생/프레임워크 및 Video 스트리밍 Software 개발","
컴퓨터공학, 소프트웨어공학, 정보통신공학 등 SW 관련 학과
프로그래밍언어, 컴퓨터아키텍쳐, 소프트웨어공학, 자료구조, 알고리즘, 운영체계, 데이터베이스, 시스템프로그래밍
컴퓨터/소프트웨어공학 혹은 관련 학과의 학사 이상 학위 소지자
Python, C, C++, Java, Javascript 등 개발 프로그래밍 언어 활용 경험","성장하는 기술 분야에서 열의를 가지고 자신의 커리어를 만들어가고 싶으신 분
유관 전공의 석사 이상 학위 소지자
SW 개발 프로세스에 대한 전반적인 이해가 있으신 분
중급 이상의 Java/C++ 기반 기능 설계, 구현, 단위 테스트 역량"
41,41,엘지전자(주),회사 내규에 따름,신입,대졸 이상,NaN,System SW BS본부,"차별화된 디스플레이 및 EV충전의 전문적 솔루션 제안과 사람 이해 바탕의
LG Cloi 로봇 솔루션 제공을 목표로 펌웨어 및 BSP(board support package) 구성 요소인 Boot Loader, Device Driver, Firmware, OS(Kernel, RTOS) 등을 개발
BSP개발 및 성능 안정화 및 최적화 위해 시스템 분석/개발
시스템 운영 위한 리눅스 커널 또는 실시간 운영체제 구현
DSP/MCU 기반 소프트웨어 개발 직무
로봇 시스템 센서 제어 및 퓨전 알고리즘 개발
로봇 시스템 안전 제어기 및 구동 제어기 SW 개발","관련학과
컴퓨터공학, 소프트웨어공학, 전자/정보통신공학, 로봇공학 등 SW 관련 학과
관련 교과목
프로그래밍언어, 컴퓨터아키텍쳐, 소프트웨어공학, 자료구조, 알고리즘, 운영체계, 데이터베이스, 시스템프로그래밍, 로봇공학, 전자공학
필요역량
컴퓨터/소프트웨어공학 혹은 관련 학과 전공의 학사 이상 학위 소지자
Python, C, C++, Java, Javscript 등 개발 프로그래밍 언어 활용 경험
","성장하는 기술 분야에서 열의를 가지고 자신의 커리어를 만들어가고 싶으신 분
유관 전공의 석사 이상 학위 소지자
SW 개발 프로세스에 대한 전반적인 이해가 있으신 분
중급 이상의 Java/C++ 기반 기능 설계, 구현, 단위 테스트 역량
Linux 및 디바이스 드라이버, 제어 SW, 노이즈 제거 필터 알고리즘 개발 경험 우대"
42,42,엘지전자(주),회사 내규에 따름,신입,대졸 이상,NaN,제어 SW생산기술원,"제어 설계
장비 운영 시나리오 및 SW 설계(PLC, PC)
시퀀스 제어(S/W) 및 전장(H/W) 도면 구성 / 설계
Active align 알고리즘, 고속 모션 제어(ACS Controller) 설계
머신비전 장비 SW개발(영상처리 알고리즘)
물류 운영 제어(ACS), 모바일 로봇 제어 SW 개발(2D, 3D Vision 인식기술)
Smart Factory 정보화 IT 시스템 구축 및 솔루션 개발
생산 운영 프로세스 표준화 및 운영 시스템 개발(MES)","관련학과
기계공학, 전기전자공학, 산업공학, 자동차공학, 메카트로닉스공학, 소프트웨어학, 컴퓨터공학, 정보통신공학
관련 교과목
생산공학, 메카트로닉스, 자동차공학, 로봇공학, 프로그래밍언어, 임베디드시스템, 소프트웨어공학
필요역량
컴퓨터/소프트웨어공학 혹은 관련 학과 전공
C, C++ 등 개발 프로그래밍 언어 활용 경험","PC 기반 모션 컨트롤러 사용 역량
PC / PLC 제어/통신프로그램 개발 경험 우대"
43,43,엘지전자(주),회사 내규에 따름,신입,대졸 이상,NaN,로봇CTO부문,"로봇 분야 핵심 기술 개발 및 플랫폼 확보를 통한 로봇 신사업 기여 및 미래 준비
로봇 핵심 기술(내비게이션, 코그니션, 매니퓰레이션)의 고도화 및 공통 기반 기술 확보 
로봇 플랫폼의 경쟁력 확보 및 홈케어로봇 / 배송&물류로봇/ 로봇 자동화 솔루션 사업 확대 기여
미래 기술을 선도하는 인공지능/차세대 통신 기술 등을 접목한 로봇 솔루션 발굴 및 시너지 창출
로보틱스-Naivgation : SLAM 기술 / 경로계획/주행제어 기술/ 장애물/상황 인지 기술 
로보틱스-Cognition : 비전 기술/음향 인지 및 생성 기술/환경 상황인지 기술/ 인터랙션 기술
로보틱스-Manipulation : 물체 인식 기술 / 모션 계획 및 조작 제어 기술 / 로봇 구동 시스템 기술
로보틱스-로봇플랫폼: SW 아키텍쳐/ 멀티로봇 군집제어/원격 지능로봇 운용/시뮬레이터","관련학과
기계공학, 전기전자공학, 컴퓨터공학 등 관련 전공
관련 교과목
전기전자공학, 제어공학, 신호및시스템, 인공지능, 전자회로, 통신이론, 자료구조,
이산수학, 패턴인식, 기체/유체/동역학, 기구학 등
필요역량
유관 전공의 석사 이상 학위 소지자
AI 학습 기반 인식 및 제어 관련 지식
기구학, 동역학, 모터 제어 등 로봇 제어 관련 지식
-기구 구조 설계, 열/진동 해석
전력전자 회로 설계, RF 회로 설계
C/C++ / Python 프로그래밍 역량","ROS (Robot OS) 개발 경험
DevOps, MILOps 사용 경험자
NPU, TPU, DSP 최적화 경험자
SLAM, 3D Reconstruction, Object 인식 및 추적, 경로 계획, 구동 제어 등 로봇
내비게이션 관련 지식 보유
Computer Vision, Audio Signal Processing, HRI, 인공지능 관련 경험자
딥러닝 경험(Pytorch, Tensorflow등), 데이터 분석 처리 알고리즘 개발 경험
가상환경 시뮬레이션 분산 시스템 아키텍처 개발 경험 등
산업용/협동로봇 로봇팔 제어 경험
로봇팔/로봇핸드/주행로봇 하드웨어 설계 경험
강화학습 기반 다관절 로봇 제어 경험"
44,44,현대글로비스(주),회사 내규에 따름,신입,대졸 이상,NaN,AI기술개발,"비전인식 AI 활용과제 기획 및 모델 개발
객체 인식 기반 과제 발굴(결함 검출, 객체 추적, 작업장 환경 개선 등)
글자 인식 기반 과제 발굴(물류 라벨 인식, 문서 인식 등)
비전 인식 장치를 활용한 업무 개선 과제 발굴(로봇, 드론 등)
딥러닝 알고리즘 모델 Fine-tuning 및 경량화 기술 개발","학력 : 석사
전공 : 컴퓨터공학, 통계학",박사
45,45,엘지전자(주),회사 내규에 따름,신입,석사 이상,NaN,로봇  공법/장비 생산기술원,"주어진 작업 구현에 필요하기 위한 툴을 구성하고, 필요한 기능 구현을 위한 제어 알고리즘을 개발할 수 있음
로봇기술들을 모듈화/표준화하여 레고처럼 조립/운영이 가능한 RPS(RobotiC Prodcution System)를 구성할 수 있음
기존 전용 자동화 장비와는 다르게 로봇을 활용하여 유연성과 재활용성을 높인 시스템을 구성할 수 있음
AI/ML 및 비젼을 활용하여 기존에 못했던 공정을 구현하고 로봇 시스템을 보다 쉽게 사용/운영할 수 있는 기술을 개발할 수 있음",NaN,NaN
46,46,엘지전자(주),회사 내규에 따름,신입,석사 이상,NaN,"Robotics  Al Application H&A본부, CTO, 생산기술원","외부환경을 인식(Perception)하고, 스스로 상황을 판단(Cognition)하여 자율적으로
동작(Manipulation)하는 지능형로봇구현 기술역량
물건을 잡고 핸들링하는 조작제어 기술
자유롭게 이동하기 위한 자율이동 기술
미리 학습한 지식정보를 바탕으로 물체를 인식하는 기술
기계가 공간지각능력을 갖게하기 위한 위치인식 기술",NaN,NaN
47,47,포스코홀딩스,회사 내규에 따름,신입 또는 경력,석사 이상,"API, AWS, C++, JAVA, Python, SQL, Tensorflow, Spring",제어지능,"제조설비 실시간 제어 모델 및 시스템 구현
위험작업 환경 원격 모니터링 시스템 및 로봇 제어모델 개발
Mobility 자율주행 및 물류기기 자동화","Python 등 프로그래밍 언어
Machine Learning, Deep Learning 등 알고리즘/모델 디자인
SLAM/GPS 기반 Localization 경험
전기/전자공학 기계공학
산업공학
석사
박사
",NaN
48,48,슈어소프트테크(주),회사 내규에 따름,2년 이상,초대졸 이상,"C, C#, C++, JAVA, Linux",로보틱스 개발팀,로봇 분야 소프트웨어 개발 (로봇 제어 SW 개발 및 검증),"ROS Linux 환경 개발 경험자
로봇 분야 개발 경험자","C, C++, Python 언어 개발 개발 경험
임베디드 S/W 개발 경험"
49,49,원익,회사 내규에 따름,신입,대졸 이상,NaN,부품개발 연구개발,"각 공정 설비에 요구되는 최적 성능 발휘 부품 개발 및 개선 적용
로봇 개발
신규 로봇 개발 및 적용 검토
로봇 모션 제어 기술 개발
주요 부품 개발
주요 부품 국산화/OEM 개발
진공 부품 개발(압력제어밸브, Gauge, Sensor 등)","학력 : 학사/석사
관련 학과 : 기계공학, 재료공학, 메카트로닉스공학 등",반도체 공정/설비 교육 이수자
50,50,슈어소프트테크(주),회사 내규에 따름,3년 이상,무관,"C, C++, Linux ROS",로보틱스 개발팀 임베디드/C/C++ 개발자,"임베디드 SW 개발
로봇 분야 소프트웨어 개발(로봇 제어 SW 개발 및 검증)","학력 : 학력무관
경력 : 3 ~ 10년
C언어 및 펌웨어 개발 경력 3년 이상
MCU 기반의 SW 개발 가능자
로봇 분야 개발 경험자
ROS, Linux 환경 개발 경험자","BLDC 모터 제어 유경험자
C언어 펌웨어 기반의 SW 개발 경험자
임베디드 시스템의 디바이스 드라이버 개발 경험
C, C++, Python 언어 개발 경험
임베디드 SW 개발 경험"
51,51,두산로보틱스 ,회사 내규에 따름,경력,대졸 이상,NaN,ROS SW,"ROS기반 협동 로봇 개발
ROS기반 System Integration(모바일 매니퓰레이션+Vision) 개발","프로그래밍 스킬(C++ 필수) 보유자
기계, 전기, 메카트로닉스 또는 컴퓨터공학 학사 이상
경력 3년 이상","ROS기반 SLAM/Navigation S/W 개발 경험자 우대
ROS기반 Vision, Sensor Fusion S/W 개발 경험자 우대
ROS Movelt 이용한 모션 플래닝 경험자 우대
통신규격을 활용한 장치 인터페이스 관련 지식 보유자 우대 
Python 프로그래밍 가능자 우대"
52,52,드림텍,회사 내규에 따름,경력,대졸 이상,NaN,기구개발 엔지니어,"기구개발 엔지니어
휴머노이드 로봇 공동 개발 업무
해외업체와의 공동 개발/리뷰/양산관리 업무","학력 : 관련 학과 학사 이상
경력 : 5년 이상","영어 가능자
Robot 개발 가능자
로봇 기구개발 기사 자격증 보유자
구동 메커니즘 설계 가능자
로봇 및 관련 업계 경험자"
53,53,드림텍,회사 내규에 따름,경력,대졸 이상,NaN,하드웨어 개발관리,"하드웨어개발 관리자
휴머노이드 로봇 공동 개발 업무
해외업체와의 공동 개발/리뷰/양산관리 업무","학력 : 관련 학과 학사 이상
경력 : 10년 이상","영어 가능자
Robot 개발 가능자
Motor Driver 회로 설계 가능자
로봇 하드웨어개발 기사 자격증 보유자
산업현장 물류 이송 로봇, 배달 로봇, 안내로봇, Drone등 경험자"
54,54,포스코DX ,회사 내규에 따름,3년 이상,대졸 이상,NaN,로봇 자동화 설계 및 프로그래밍,"산업용 로봇, 협동 로봇을 활용한 로봇 자동화 설계 및 시뮬레이션 검토
AutoCAD, NX등의 설계 툴을 활용한 로봇 자동화 기구 및 그리퍼 컨셉 설계
SIEMENS 3D 로봇 시뮬레이션 툴을 활용한 컨셉 설계 정합성 검토
산업용 로봇을 활용한 자동화 사업 수행
로봇 프로그램 개발, 티칭, 시운전 등
설계 검증을 위한 Test-Shop 구축 및 사전 검증
로봇 어플리케이션 개발 및 적용(비젼, 센서, 방열기술 등)
대내외(포스코그룹사 및 대외) 로봇 자동화 사업 제안서 작성","관련분야 전공자(기계, 전기, 제어, 전자, 로봇, 메카트로닉스 등)
산업용로봇, 협동로봇, AMR등 로봇 제조사 근무 및 현장 적용 경험 보유자(경력 3년 이상)
C, C++, Python을 활용한 로봇프로그램 개발 경험 보유자 (경력 3년 이상)
산업용 로봇 엔지니어링 및 자동화 사업 유경험자 (경력 3년 이상)
산업용 로봇(ABB.KUKA,FANUC) 프로그래밍&티칭 경험자 (경력 3년 이상)","연속 산업(철강분야 등) 로봇 자동화 및 제조 자동화 로봇 프로젝트 유 경험자(3년 이상)
기계·전기·제어 등 관련 분야 자격증 보유자
로봇자동화 컨셉 설계, 3D 로봇 시뮬레이션 및 OLP 경험 보유자
산업용 로봇 및 협동로봇 프로그래밍(티칭) 가능자"
55,55,포스코DX ,회사 내규에 따름,3년 이상,대졸 이상,NaN,제조/유통 물류 분야 로봇 자동화 설계 및 수행,"모바일 로봇(AGV/AMR)를 활용한 로봇 자동화 Layout 설계, Simulation 및 사업 수행 (제조/유통 물류)
AGV/AMR 적용 (제조 및 물류) 로봇 자동화 System Layout 설계 및 성능 검증
현장 프로세스 분석, VoC 도출 등을 기반으로 로봇 시스템 기획 및 설계
현장 적용 AGV/AMR 사양 확인 및 성능 검증
AGV/AMR을 활용한 로봇 물류 자동화 물동량 산출
이동 최적 경로 설계, 시운전 및 자동화 구축
제철소 및 대외 로봇 자동화 사업 기획/제안/설계/구축","관련분야 전공자(기계, 전기, 제어, 전자, 로봇, 메카트로닉스 등) (0명)
(제조 및 유통 물류)모바일 로봇 자동화 시스템 레이아웃/ 운영 프로세스 설계 경험자(경력 3년 이상)
AGV/AMR 제조사 근무 및 현장 적용 경험 보유자(경력 3년 이상) 
기계·전기·제어등 관련 분야 자격증 보유자","제철소등 철강분야 및 물류 자동화 AGV/AMR적용 로봇 프로젝트 경험자(3년 이상)
현장 적용 모바일 로봇(AGV/AMR) 개발 경험
AutoCad 사용 가능자"
56,56,포스코DX ,회사 내규에 따름,3년 이상,대졸 이상,NaN,산업용 로봇 엔지니어링 및 프로그래밍,"산업용 로봇 및 AGV를 활용한 무인화, 자동화 설계
엔지니어링: 시스템 구성 및 상세설계, 시운전 등
프로그래밍 : 로봇 3D 시뮬레이션, 프로그래밍 & 티칭 등
-제철소 및 대외 로봇 자동화 사업 제안서 작성","관련분야 전공자(기계, 전기, 제어, 전자, 로봇, 메카트로닉스 등)
산업용 로봇 엔지니어링 및 자동화 사업 경험자(경력 3년 이상)
산업용 로봇(ABB,KUKA,FANUC) 프로그래밍&티칭 경험자 (3년 이상)","제철소 등 철강분야 자동화 프로젝트 유 경험자(3년 이상)
기계·전기 관련 자격증 보유자
3D 시뮬레이션, OLP 사용 가능자"
57,57,포스코DX ,회사 내규에 따름,신입,박사 이상,NaN,로봇 자동화 및 플랫폼 개발,"로봇 플랫폼 개발, 로봇 자동화 시스템 설계, 로봇/AI 기반
자율 제조 시스템
이기종 로봇의 운영이 가능한 로봇 플랫폼 개발 및 적용
산업용 로봇, AGV/AMR을 활용한 제조 로봇 자동화, 물류 로봇 자동화 시스템 설계, 검증
로봇과 AI 기반의 자율 제조 요소기술 발굴 및 개발
철강, 제조 및 유통 물류 분야 로봇 자동화 사업을 위한 시스템 설계, 최적화","기계/전기/제어 등 관련 분야 전공자로 박사학위 보유자 (전자, 전기, 제어, 기계, 산업, 로봇, 메카트로닉스 등 관련학과)","산업용 로봇 및 로봇 자동화 시스템 유 경험자
로봇 기반 자율 제조 시스템 개발 경험 유 경험자
(철강, 제조 및 유통 물류)로봇 자동화 설계, 검증 유경험자 
산업용 로봇, AGV/AMR 제조사 근무 및 현장 적용 경험 보유자"
58,58,(주)엘템 ,"3,000~8,000",신입 또는 경력,대졸 이상,NaN,소프트웨어 개발 연구원," C, C++, 시리얼 통신, 라즈베리파이 프로그램 개발, 로봇 및 모터 제어",신입 경력,"관련학과 전공자
전기/전자공학
컴퓨터/시스템공학
자격증 : 자동차운전면허"
59,59,(주)원익로보틱스,회사 내규에 따름,경력,초대졸 이상,NaN,ROS기반 제어 SW 개발,"ROS 기반 구동 모터 제어 프로그래밍
ROS 기반 각종 센서 장치 드라이버 개발
PLC 및 Safety 컨트롤러 프로그래밍","학력 : 대졸이상(4년)
경력 : 3년 이상","전자/전기/제어 관련 전공자
ROS 개발 경험자
C/C++ 또는 Python 중급이상
로보틱스 기술분야 개발 유경험자
AGV/AMR 관련 개발 유경험자"
60,60,(주)티로보틱스,회사 내규에 따름,신입 또는 경력,초대졸 이상,"C#, C++, Python, Qt, Linux AGV",기계,"실내 자율 주행을 위한 AGV/AMR 기구설계
QD(Quad Drive) Wheel 설계
AMR/AGV물류로봇 구조/동역학/유동해석","기계공학, 기계설계 관련 공학계열 학사이상",NaN
61,61,(주)인티그리트," 4,000~8,000",경력,무관,"C, C++, Python, Linux",로봇 제어 클라우드 인프라 시스템 개발,"멀티 로봇의 실시간 원격 관제 클라우드 시스템 개발
로봇에서 취득한 공간 정보와 인구정보 데이터셋 규격화 및 표준화
로봇 데이터의 인증과 보안 시스템 개발
대용량 트래픽을 처리하기 위한 파이프 라인과 인프라 구축","학력: 학력무관
AWS를 활용한 시스템 구축과 개발 경험
NodeJS와 Python을 이용한 웹 서비스, API등의 개발 경험이 있으신 분
MySQL MongoDB, DynamoDB 같은 DBMS를 이용한 서비스 개발 경험이 있으신 분
WebSocket, MQTT를 활용한 실시간 통신 개발 경험이 있으신 분
새로운 시장, 새로운 기술을 배우는 것을 즐겨하시는 분","MicROService Architecture 설계나 개발 경험
실시간 및 대용량 트래픽 처리 등 인프라 개발 경험
IoT 기기 연동 개발 경험이 있으신 분
서비스의 인증, 보안, 권한, 정책 생성 및 구성 등 설계와 개발 경험
Kafka 혹은 AWS Kinesis Data Stream을 활용한 실시간 이벤트 스트리밍 처리 경험
Github Actions나 AWS Code pipeline을 통한 CI/CD 구축 및 운영 경험
AWS CloudFormation이나 Terraform을 활용한 laC 개발 경험
Elasticsearch 활용한 데이터 시각화와 ML 서비스 개발 경험"
62,62,(주)인티그리트," 4,000~8,000",경력,무관,"C, C++, Python, Linux",자율주행 솔루션 개발,"퀄컴 스냅드래곤 AI 칩셋 기반의 차세대 로보틱스 플랫폼 개발 협업
차세대 지능형 서비스 로봇을 위한 클라우드 자율주행 솔루션 개발
ISLAM, ROS2, Android 기반의 자율주행 프레임워크 설계 및 개발 및 고도화
Vision Camera, Lidar Fusion 및 데이터셋 개발
안드로이드 운영체계를 가진 로봇의 제어 및 데이터 플랫폼 개발 협업
멀티 로봇의 5G 기반 원격제어 및 관제 플랫폼 연동 협업","학력: 학력무관
프론트 엔드, 백 엔드 등 전체 시스템 구성에 이해도가 높으신 분
펌웨어, 안드로이드 프레임 워크, 백그라운드 프로세스에 대한 이해와 개발 경험이 있으신 분
Pytorch, LibTorch 프로젝트 개발 경험이 있으신 분
이미지 모델링, ML(학습)을 적용한 개발 및 테스트 코드 개발에 능하신분
ROS, ROS, 리눅스, 우분투 등 로봇의 기반 기술에 대한 경험, 이해가 높으신 분
Autoware 기반 자율주행 설계, 개발에 대한 경험이 있으신분
AGV, AMR 개발 및 상용화 프로젝트에 참여한 경험이 있으신분
프로젝트의 형상관리, 규격화 작업에 경험이 있으신분","전기/전자공학, 컴퓨터/시스템공학, 로봇,소프트웨어 공학 또는 관련 학과의 학위(학사/석사/박사) 소지자
Localization 및 Path Planning 관련 유경험자
Visual Odometry & SLAM 관련 유경험자
Sensor Fusion (Camera, Lidar,Radar 이용) 유경험자
DC/BLDC 모터 제어 능숙자 우대
Linux, Ubuntu, 파이션 프로그래밍 유경험자
ROS/ROS2 개발 유경험자
Modern C++ 프로그래밍 개발 유경험자"
63,63,써니팩토리," 2,500~3,000",무관,무관,"Python, Pytorch, Tensorflow",AI인공지능 및 자율 주행 로봇 인턴,"·인공지능 개발
자율 주행 로봇 개발","학력 : 학력무관
경력 : 현재, 직장 4대보험 가입 안되어 있는 분","-운전가능자
관련 자격증 보유자
자격증 : 정보처리기사
전공 : 전산학·컴퓨터공학, 응용소프트웨어공학, 기계·메카트로닉스·로봇"
64,64,(주)테스트웍스,회사 내규에 따름,무관,석사 이상,"C, C++, Matlab, Python, Tensorflow, ROS", Robot Vision 엔지니어 (병역특례 전문연구요원),"3차원 공간데이터 수집기 개발 (LiDAR/Radar/Camera)
3차원 공간데이터 구축 (SLAM)
딥러닝 기반 3차원 데이터 모델링
(3D Object Detection/Depth Completion/Depth Estimation)","학력 : 대학원(석사)이상
경력: 경력무관
Python, C/C++ 언어 중 1개 이상에 능숙한 자
Pytorch/Tensorflow/Caffe 중 1개 이상의 프레임워크에 능숙한 자
ROS/Matlab 중 1개 이상 사용이 가능한 자
의미론적 객체 분할/ 이상행동탐지 등 과 같은 딥러닝 프로젝트에 참여해 본 자 
3차원 공간데이터 랜더링 / 모델 개발이 가능한 자","선형대수/통계학에 대한 기본 지식이 있는 자
LiDAR / IR Camera 등의 센서를 다루어 본 자
컴퓨터비전/딥러닝/SLAM 등 관련 연구(논문)을 이해하고 구현이 가능한 자
Top-tier 학회 논문 혹은 관련 석사학위를 보유한 자
ROS 시스템을 사용하여 멀티센서 수집 시스템을 구축해 본 경험이 있는 자
Unity/Blender/Bullet 등 3D 시뮬레이션 엔진 경험을 보유한 자"
65,65,가천대학교 산학협력단,"2,640~5,400",무관,무관,로봇 전기 전자,"로봇 전기전자 연구자
","로봇 개발 업무
제어 분야 연구원 우대","학력 : 학력무관
경력: 경력무관","인근거주자
유관업무 경험자(인턴·알바)
석사학위 수여자
박사학위 수여자
관련학과 전공자"
66,66,록시스 ,"2,424~3,960",무관,무관,"C, Python",개발자 및 연구원,"프로그램 유지 및 보수, IoT 및 스마트팜 임베디드 시스템, 로봇 팔, rc카, 드론.","학력 : 학력무관
경력: 경력무관","전기, 전자, 컴퓨터 관련 전공자
의욕을 가지신 분이면 가장 좋습니다. 필요한 기술은 사내 교육을 통해 알려드리니 기술자로써 경력과 역량을 키 우실 분이시면 좋은 기회가 될 것 같습니다."
67,67,(주)파이엇 (PIOT Inc),"4,000~12,000",신입 또는 3년 이상,대졸 이상,"C, C++, ROS",SLAM & Navigation 개발,"LiDAR 기반 지도작성 및 위치인식 기술 개발
실외 자율주행 알고리즘 개발
장애물 회피 알고리즘 개발
실외 자율주행 로봇의 경로계획, 경로추종 기술 개발","3~10년차 이상 경력 보유자
SLAM and localization, Navigation 기술 개발 유경험자
컴퓨터, 전자, 제어, 로봇, 소프트웨어 공학, 메카트로닉스·로봇 또는 관련학과 학사 이상
C/C++ 이해 및 개발 능숙",NaN
68,68,(주)유진로봇,회사 내규에 따름,4년 이상,대졸 이상,"API, C, C++, Git, ROS, SDK, CD, ci",자율주행솔루션사업부 SW 엔지니어,"로봇 소프트웨어의 내외부 통신 채널 구성 및 관리
로봇 소프트웨어의 상태 및 생애 주기 관리
로봇의 기능을 활용하는 API 설계 및 구현
로봇 소프트웨어의 구성 및 설정 관리
데이터의 취합 및 처리","학력 : 대졸이상
경력 : 4 ~ 20년
C++ 개발 경력 4년 이상 혹은 그에 준하는 실력을 보유하신 분
기본적인 자료구조에 대한 이해 및 응용 분야에 대해 적용 경험
Git을 통한 협업 및 버전 관리 가능","Web server/client 개발 경험
API/SDK 설계 및 작성 경험
CI/CD 및 자동화된 테스트 시스템 구축 경험
Robotics 관련 경험
상용 소프트웨어 개발 및 운영 경험"
69,69,에브리봇(주),회사 내규에 따름,5년 이상,대졸 이상,"C, C++, Linux",S/W개발팀 임베디드 리눅스 응용프로그래머,"이동 로봇 상태 주기 관리 
이동 로봇 API 설계
데이터 취합 및 처리","학력 : 컴퓨터, 전자, 로봇 소프트웨어 공학 또는 관련 학과의 학위
Linux 기반 C/C++ 이해 및 개발 능숙자
경력 : 해당 분야 5년 이상","로봇 관련 경험
ROS/ROS2 개발 경험"
70,70,에브리봇(주),회사 내규에 따름,5년 이상,대졸 이상,"C, C++, Linux",S/W개발팀 SLAM,LiDAR 기반 SLAM (실내) 개발,"학력 : 컴퓨터, 전자, 로봇 소프트웨어 공학 또는 관련 학과의 학위
관련분야 박사 이상 또는 유관5년 이상
Linux 기반 C/C++ 이해 및 개발","자율 주행 개발 프로젝트 수행 경험
ROS / ROS2 개발 경험"
71,71,에브리봇(주),회사 내규에 따름,5년 이상,대졸 이상,"C, C++, Linux",S/W개발팀  NAVIGATION,이동 로봇 주행 알고리즘 개발,"학력 : 컴퓨터, 전자, 로봇 소프트웨어 공학 또는 관련 학과의 학위
관련분야 박사 이상 또는 유관5년 이상
LiDAR 기반 SLAM 개발 경험이 풍부한 자","자율 주행 개발 프로젝트 수행 경험
ROS/ROS2 개발 경험"
72,72,로봇제조기업,"5,000~",2년 이상,대졸 이상,NaN,ROS기반협동로봇개발,"ROS기반 협동 로봇 개발
ROS기반 System Integration(모바일 매니퓰레이션+Vision) 개발","프로그래밍 스킬(C++ 필수) 보유자
기계, 전기, 메카트로닉스 또는 컴퓨터공학 학사 이상
경력 3년 이상","ROS기반 SLAM/Navigation S/W 개발 경험자 우대
ROS기반 Vision, Sensor Fusion S/W 개발 경험자 우대
ROS Movelt 이용한 모션 플래닝 경험자 우대
통신규격을 활용한 장치 인터페이스 관련 지식 보유자 우대
Python 프로그래밍 가능자 우대"
73,73,솔루션 전문기업,회사 내규에 따름,경력,대졸 이상,NaN,로봇 시스템 개발,(서비스 로봇 제품 관련) Android 또는 Linux device drvier 개발 및 BSP 운용,"학사 이상, 정보통신, 컴퓨터 등 관련 전공자
경력 무관 연령 47세 이하
Android 또는 Linux OS 기반 시스템 개발 경험자 (필수)
리눅스 환경 프로그래밍 (C/C++, 쉘스크립트 또는 파이썬) (필수)
Yocto 및 임베디드 리눅스 구축 경험자, 임베디드 리눅스 BSP 개발 경험자 (우대)",NaN
74,74,솔루션 전문기업,회사 내규에 따름,경력,대졸 이상," Linux, Android, BSP, Yocto, C/C++",서비스 로봇 ROS개발,서비스 로봇 ROS개발,"학사 이상, 정보통신, 컴퓨터 등 관련 전공자
경력 무관, 연령 47세 이하
ROS(ROS1,2)에 대한 지식 또는 개발 유경험자 (필수)
로봇의 구성과 제어에 대한 지식 또는 경험자 (필수)
SLAM 및 네비게이션 개발 유경험자, 양산개발 유경험자 (우대)
기술스택 (중요도 순) : ROS, Navigation, SLAM",NaN
75,75,솔루션 전문기업,회사 내규에 따름,2년 이상,대졸 이상,NaN,로봇 인터페이스 마이크로서비스 개발,클라우드/MSA를 기반으로 한 로봇 인터페이스 마이크로서비스 개발,"학사 이상, 정보통신, 컴퓨터 등 관련 전공자
경력 2년 이상, 연령 47세 이하
리눅스 운영체제 경험
Python/C++ 언어를 사용한 개발 경험
통신 프로토콜 (Socket, Tcp, Websocket, SECS-2/HSMS 등) 기반 개발 경험
메시지 기반 미들웨어 (ZeroMQ, RabbitMQ, Matt 등) 기반 개발 경험
인-메모리 캐시 (Redis 등) 기반 개발경험
스트리밍 데이타 (Video, Sensor 등) 기반 개발 경험
*상기 필요역량 중 최소 3개 이상 충족자만 지원 요망",ROS1/ROS2 (로봇 메타운영체제) 경험
76,76,솔루션 전문기업,회사 내규에 따름,2년 이상,대졸 이상,NaN,로봇 인공지능 서비스 알고리즘 개발,"로봇 경로탐색 알고리즘 개발
로봇 트래픽 관리 알고리즘 개발","학사 이상, 정보통신, 컴퓨터 등 관련 전공자
경력 2년 이상, 연령 47세 이하
경로탐색 알고리즘 (A*, Dijkstra 등) 개발 경험 (필수)
메시지 기반 미들웨어 (ZeroMQ, RabbitMQ, Matt 등) 기반 개발 경험
인-메모리 캐시 (Redis 등) 기반 개발 경험
네트워크 데이타베이스 (Neo4j 등) 기반 개발 경험
도큐먼트 데이타베이스 (MongoDB 등) 기반 개발 경험
*상기 (필수) 필요역량 포함 최소 3개 이상 충족자만 지원 요망","데브옵스(Docker, CI&CI 등) 기반 개발 경험자 우대"
77,77,솔루션 전문기업,회사 내규에 따름,2년 이상,대졸 이상,NaN,로봇 원격제어/모니터링 마이크로서비스 개발,클라우드 / MSA를 기반으로 한 로봇 원격제어/모니터링 서비스 개발,"학사 이상, 정보통신, 컴퓨터 등 관련 전공자
경력 2년 이상, 연령 47세 이하
Java 언어를 사용한 개발 경험
Spring Boot/Spring WebFlux/Spring Batch 기반 개발 경험 
-인-메모리 캐시 (Redis 등) 기반 개발 경험
네트워크 데이타베이스 (Neo4j 등) 기반 개발 경험
도큐먼트 데이타베이스 (MongoDB 등) 기반 개발 경험",NaN
78,78,임플란트 중견기업,회사 내규에 따름,2년 이상,대졸 이상,"API, C, C#, C++, ROS, Open Lib",다관절 로봇제어 SW개발,"로봇 어플리케이션 개발
다관절 로봇 모션 및 경로 제어
경로 생성 및 로봇 자세 제어
임피던스 제어 개발","학력: 학사 이상
경력: 2~8년 (사원~대리급)
전기/전자/로보틱스/메카트로닉스 관련학과 전공자
로봇 기구학, 역기구학 관련 지식 보유자
로봇 제어기 개발 경험","의료용, 산업용 다관절 로봇 모션 및 경로 제어 경험자
Windows 및 ROS2, Linux Ubuntu 개발 경험자 EtherCAT 기반 모션제어 개발 경험자
포트폴리오 제출 우대"
79,79,협동로봇 개발 제조사,회사 내규에 따름,3년 이상,대졸 이상,"C++, kinematics, Dynamics, metalab",다관절 로봇 제어알고리즘 개발,NaN,"석사 이상(박사 우대, 기계/ 전기/ 메카트로닉스/ 컴퓨터공학 전공자)
관련 분야 경력 3년 이상 (로봇 개발 경험 필수, 협동로봇 우대)
Robot Kinematics, Dynamics 에 대한 이해
로봇 모션/ 힘/ 강성 제어 개발 경험자
프로그래밍 스킬(C++ 필수)
Matlab 경험자 우대",NaN
80,80,협동로봇 개발 제조사,회사 내규에 따름,3년 이상,대졸 이상,"C, C#, C++, JAVA, Linux", ROS S/W Engineer,"ROS기반 협동 로봇 개발
ROS기반 System Integration(모바일 매니퓰레이션+Vision) 개발","4년제 학사 이상(기계/ 전기/ 메카트로닉스/ 컴퓨터공학 전공자)
관련 분야 경력 만 3년 이상
프로그래밍 스킬(C++ 필수) 보유자","ROS기반 SLAM/Navigation S/W 개발 경험자 우대
ROS기반 Vision, Sensor Fusion S/W 개발 경험자 우대
ROS Movelt 이용한 모션 플래닝 경험자 우대
통신규격을 활용한 장치 인터페이스 관련 지식 보유자 우대
Python 프로그래밍 가능자 우대"
81,81,서비스로봇 전문기업,회사 내규에 따름,3년 이상,석사 이상,NaN,다중 로봇 제어 SW개발,"복잡하고 역동적인 환경에서 작동할 수 있는 자율 주행 로봇 알고리즘을 설계 및 개발, 유지 보수, 기술 지원함
Creo를 활용한 자율주행 서빙로봇 기구 및 구조 설계
서빙로봇 선행 개발 및 양산 개발
H/W 부품 실장 및 부품 레이아웃 검토
샘플제작 및 성능 테스트","경력 : 경력3년↑
실내 네비게이션 분야 상용화 제품 개발 경력자
다중 로봇 네비게이션 알고리즘 개발 경력자
다중 로봇 충돌 예측(collision map) 알고리즘 개발 경력자
Global path planning 개발 경력자(A* 등등)
C, C++, Python 등의 소프트웨어 언어 능통
탁월한 의사 소통 및 대인 관계 기술을 바탕으로 팀 중심 환경에서 작업할 수 있는 능력
비즈니스 회화 능력
Git 경험자","navigation 관련 석사 혹은 박사 학위 수여자
영어가능자
ISO13482 인증 경험자 우대
AMR(Autonomous Mobile Robot) or 자율주행로봇(라인트레이서 제외) 개발 경험자
ROS2 가능자
열정적인 모습으로 팀원들에게 동기 부여를 줄 수 있는 분
외국어 : OPIC IL 이상
전공 : 기계·메카트로닉스·로봇, 응용소프트웨어공학, 제어계측공학"
82,82,물류로봇 시스템기업,회사 내규에 따름,경력,석사 이상,"C, C++",제어 SW개발,로봇 제어 연구개발,"유관경력 6년이하
석사신입/병특지원가능
관련경력 3년이상경우 대졸지원가능
C/C++, C#, Qt중 1가지 이상 능숙자","해당직무 근무경험(모바일/이동로봇,자율주행자동차등) 
공학계열(제어/메카트로닉스/컴퓨터/전자) 
ROS, SLAM, 최적경로 알고리즘 경험자
-딥러닝/머신러닝 기반 인식 알고리즘 경험자
BLDC, AC Servor 모터 및 모션컨트롤 경험자
Lidar, Vision(Camera), Senser Fusion 경험자(영상.딥러닝)
Cortex M3/M4, ARM, STM32 사용, 다양한 Micom 펌웨어 가능자
Ethernet & CAN통신 & 모터 PID제어 & 센서류 제어 경험(경력별로 상이)
공모전 입상자
지방 출장 or 해외 출장 가능자"
83,83,로봇제조기업,"5,000~",3년 이상,대졸 이상,NaN,제어알고리즘전문가,다관절 로봇 제어 알고리즘 개발,"프로그래밍 스킬(C++ 필수) 보유자
Robot Kinematics, Dynamics에 대한 이해가 있는 자
기계, 전기, 메카트로닉스 또는 컴퓨터 공학 석사 이상
경력 3년 이상","로봇 모션/ 힘/ 강성제어 개발 경험자 우대
Matlab 경험자 우대"
84,84,로봇 제조회사,회사 내규에 따름,7년 이상,대졸 이상,NaN,ROS,다관절 로봇 제어 알고리즘 개발,"프로그래밍 스킬(C++ 필수) 보유자
 Robot Kinematics, Dynamics에 대한 이해가 있는 자
기계, 전기, 메카트로닉스 또는 컴퓨터 공학 석사 이상
경력 3년 이상","로봇 모션/ 힘/ 강성제어 개발 경험자 무대
Matlab 경험자 우대"
85,85,로봇제조기업,회사 내규에 따름,3년 이상,대졸 이상,NaN, ROS기반 협동 로봇 개발,ROS기반 System Integration(모바일 매니퓰레이션+Vision) 개발,"프로그래밍 스킬(C++ 필수) 보유자
기계, 전기, 메카트로닉스 또는 컴퓨터공학 학사 이상 ·경력 3년 이상","ROS기반 SLAM/Navigation S/W 개발 경험자 우대
ROS기반 Vision, Sensor Fusion S/W 개발 경험자 우대
ROS Movelt 이용한 모션 플래닝 경험자 우대
통신규격을 활용한 장치 인터페이스 관련 지식 보유자 우대
Python 프로그래밍 가능자 우대"
86,86,서비스로봇제조업,회사 내규에 따름,3년 이상,초대졸 이상,"C, C++, API, SDK, Git, JIRA, Docker", SW엔지니어,"로봇 소프트웨어의 내외부 통신 채널 구성 및 관리
로봇 소프트웨어의 상태 및 생애 주기 관리
로봇의 기능을 활용하는 API 설계 및 구현
로봇 소프트웨어의 구성 및 설정 관리
데이터의 취합 및 처리","C++ 개발 경력 4년 이상 혹은 그에 준하는 실력을 보유하신 분
기본적인 자료구조에 대한 이해 및 응용 분야에 대해 적용 경험 
Git을 통한 협업 및 버전 관리 가능","Web server/client 개발 경험
API/SDK 설계 및 작성 경험
CI/CD 및 자동화된 테스트 시스템 구축 경험
Robotics 관련 경험
상용 소프트웨어 개발 및 운영 경험"
87,87,업종 안써있음,회사 내규에 따름,5년 이상,대졸 이상,NaN,멀티로봇 및 FMS,"멀티 로봇 교통제어, 주행관리 기술 개발
멀티 로봇 Job 스케쥴링 기술 개발","학력 : 대졸이상
경력 : 5년 이상
수행직무 분야 경력 5년 이상
리눅스환경/프로그래밍(C++, Python) 활용능력 보유
실내/외 이동로봇 경로생성 및 실시간 장애물 회피 알고리즘 개발 경력 보유","ROS/ROS2 프로그램 개발 경력 우대
딥러닝/강화학습 개발 경력 우대
멀티 로봇용 서버 통신 프로토콜, 데이터베이스 및 시스템 아키텍처 설계 경력 우대"
88,88,의료기기 연구소,회사 내규에 따름,3년 이상,석사 이상,NaN,연구소 로봇실 Robotics 엔지니어,다관절 로봇의 기구동역학 모델링 및 제어,"관련 분야 실무 경력 3년 이상
로보틱스 관련 학과 석사 학위 이상 혹은 관련 분야 경력 보유자
로보틱스, 자동제어, 신호처리 이해 및 활용 가능
다관절 로봇 제어 경험
C/C++, Python 사용 가능","로봇 제어기 개발 경험
Simulator 활용 경험(Matlab, V-REP/CoppeliaSim, Gazebo 등)
SW 개발역량
문제해결 역량,
SW 협업 툴 활용 역량(git, notion, jira 등)"
89,89,의료기기 연구소,회사 내규에 따름,3년 이상,무관,NaN,연구소 로봇실 로봇 SW 엔지니어,실시간 제어 플랫폼 개발,"관련분야 실무 경력 3년 이상
객체지향 설계 및 개발 가능
Linux/Xenomai 경력 (OS 전반 및 실시간 OS 이해)
C++1x Python, git 역량
프로그래밍 기초 역량: Database, 데이터 구조와 알고리즘, TCP/IP 통신, etc.","로봇/자동화 시스템 제어 SW Framework 개발 경험
-SW Engineering 역량(요구공학, 구조설계, 테스트공학)
애자일 개발 프로세스 경험
-SW 협업툴 활용 역량(git, notion, jira 등)
-DevOps(CI/CD) 역량"
90,90,의료기기 연구소,회사 내규에 따름,5년 이상,무관,NaN,연구소 로봇실  로봇 전장설계 엔지니어,로봇 및 Master Console 전장 개발,"관련 분야 실무 경력 5년 이상
자동화 시스템의 전기도면 설계 및 제작 경험, 전기설비 사양 분석, 회로 도면 설계, 검수 및 외주관리 경험","이더캣 기반 모터 제어 시스템 설계 경험
로봇 혹은 자동화 장비 안전인증 경험
양산 경험"
91,91,의료기기 연구소,회사 내규에 따름,5년 이상,무관,NaN,연구소 로봇실 로봇 기구 설계 엔지니어,로봇 기구 설계 및 해석,"기구설계 경력 5년 이상
로봇관련 기구 설계 경험
정역학 및 동역학 해석 가능
Solidworks 능숙 활용","산업용 다관절 로봇 개발 경험
상용화 및 양산 설계 경험"
92,92,기계 제조 대기업,"6,000~8,000",5년 이상,대졸 이상,NaN,"제어기 S/W 개발
","자동차 VCU, 로봇 상위 제어기 인터페이스 설계
 자동차 VCU, 로봇 상위 제어기 소프트웨어 설계
CAN, LIN, 진단 통신, 부트로더 소프트웨어 개발
","학력 : 대졸이상
경력 : 5년 이상","자동차 전장 제어기 소프트웨어 양산개발 경험자
CAN 모니터링 및 Windows C#, C++ 프로그램 경험자
모터 제어 소프트웨어 경험자"
93,93,포스코 홀딩스,회사 내규에 따름,신입 또는 경력,석사 이상,"Python등 프로그래밍 언어
머신러닝, 딥러닝등 알고리즘/모델 디자인
SLAM/GPS기반 localization 경험",제어지능,"제조설비 실시간 제어 모델 및 시스템 구현
위험 작업 환경 원격 모니터링 시스템 및 로봇 제어모델 개발
Mobility 자율주행 및 물류기기 자동화",석사 박사,NaN
94,94,한국생산기술연구원,회사 내규에 따름,무관,대졸 이상," C++, Git, Matlab, Python, Solidworks,임베디드리눅스,AutoCAD, ROS, ROS2, Simulink ",R&D 연구개발 ,"R&D 및 국가연구개발사업 업무 지원,인공지능, 로봇, 제어, 자동화, 자율주행 관련 연구",대졸이상 (졸업예정자 가능),"영어가능자, 컴퓨터활용능력 우수자, 문서작성 우수자,프리젠테이션 능력우수자, 통계분석·리서치 능숙자, 석사학위 수여자, 박사학위 수여자, 
관련 학과 전공자, 리더쉽 소유자, 유관업무 경험자(인턴·알바), 장기근무 가능자, 
외국어 : TOEIC, TOEIC(Speaking), OPIC, 
전공 : 기계·메카트로닉스·로봇, 전기·전자공학, 제어계측공학"
95,95,한국생산기술연구원,회사 내규에 따름,무관,대졸 이상,NaN,자율주행 로봇 연구보조 (1명),"자율주행 알고리즘 연구개발, 데이터 수집/처리/분석, 자율주행 로봇 관련 실험보조, 운전 경험 무관",대졸이상 (졸업예정자 가능),"컴퓨터활용능력 우수자, 관련 학과 전공자,기계·메카트로닉스·로봇, 전기·전자공학, 전산학·컴퓨터공학, 대학원 진학 희망자"
96,96,한국생산기술연구원,회사 내규에 따름,무관,대졸 이상,NaN,자율주행 자동차 연구보조 (1명),"자율주행을 위한 도로 정밀지도 제작, 연구용 차량 운행, 자율주행 자동차 관련 실험보조",대졸이상 (졸업예정자 가능),"컴퓨터활용능력 우수자, 관련 학과 전공자,기계·메카트로닉스·로봇, 전기·전자공학, 전산학·컴퓨터공학, 대학원 진학 희망자"
97,97,포스코,회사 내규에 따름,신입,대졸 이상,NaN,로봇/자동화,"지능형 다관절 및 협동 로봇 구현 기술 개발
로봇 연계 자동화 시스템 개발","기계, 전기/전자, 컴공의 석사 박사",NaN
98,98,포스코,회사 내규에 따름,신입,대졸 이상,NaN,모바일 로봇 /SW 개발,"극한환경 극복 가능한 로봇 플랫폼 개발 및 적용
자율임무 수행가능 로봇 플랫폼 및 SW 개발","기계, 전기/전자, 컴공의 석사 박사",NaN
99,99,포스코,회사 내규에 따름,신입,대졸 이상,NaN,로봇 활용 센서/관제 SW 개발,"자동화 솔루션 인식 센서 및 지능형 SW 기술 개발
환경인식, 영상인식, 자율주행 등 제철공정 분야 S/W 기술개발","기계, 전기/전자, 컴공의 석사 박사",NaN
100,100,KT,회사 내규에 따름,3년 이상 또는 박사,대졸 이상,"Python 기반 DataScience Library를 활용한
소프트웨어 개발 역량
리눅스 활용 및 C/C++,Python 등을 활용한 시스템 프로그래밍 역량
ROS(Robot Operation System) 기반의 로봇SW 개발경험",AI 로봇 미드웨어 개발,"로봇 미들웨어 상용화 개발 및 로봇 라인업/OS 포트폴리오 확대, ROS 2 기반 로봇 미들웨어 기술 개발 및 상용화, 다양한 로봇분야별 단말 라인업 확대 및 OS 포트폴리오 확대
로봇 상용 현장 맞춤형 지도 생성/편집 최적화 기술 개발, 로봇 운영/센서데이터 기반 로봇 intelligence 기술 개발,  로봇 상용현장 최적의 로봇 지도 생성등 데이터 기반 로봇 intelligence 기술 개발 
로봇 상용현장 맞춤형 지도 생성/편집 최적화 기술 개발, 로봇 운영/센서 데이터 기반 로봇 intelligence 기술 개발",경력/박사,"ROS 2 기반 로봇 SW 및 로봇,미들웨어 상용화 경험 우대, ROS2 기반 로봇 품질 최적화 로봇 상용화 경험, 임베디드 시스템 개발 및 상용 경험 
임베디드 시스템 개발 및 상영 경험, Deep Learning Framework,(Tensorflow,PyTorch 등)을 활용한 알고리즘 개발 역량           "
101,101,KT,회사 내규에 따름,3년 이상 또는 박사,대졸 이상,"로봇 혹은 유사 메커니즘 개발 경력
기계공학 혹은 유사계열 전공자
2D,3D 기구설계&모델링 전문tool
(AutoCAD, Solidworks 등) 사용 가능자",AI 로봇 하드웨어 개발,"로봇 구동부 설계/개발
휠, 모터, 완충장치, 배터리, 센서류 등을 기반으로 로봇 구동부 설계 및 개발
로봇 동작 환겨을 고려한 최적 구동부 설계 및 개발
안전/품질을 고려한 제품 시험 및 최적화",경력/박사,"유사 프로젝트 진행 경험 및 실 근무 연수, 국내외 제품출시를 위한 인증규격 수행 경험자, Proactive한  사고 방식 및 적극성"
102,102,KT,회사 내규에 따름,3년 이상 또는 박사,대졸 이상,"전기/전자 회로 개발 경력
전기/전자 혹은 유사계열 전공자
회로설계 tool, 계측장비 사용 가능자
(OrCAF,PSPICE,PADS,Oscilloscope 등)",AI 로봇 하드웨어 개발,"로봇 전장부 및 회로부 설계/계발
processor, 센서, 디스플레이, 오디오 등을 기반으로 로봇 임베디드 시스템 설계 및 개발
서비스 요구사항을 고려한 최적 전장 회로 설계 및 개발
안전/품질을 고려한 제품 시험 및 최적화",경력/박사,"가전, AI, 로봇 등 임베디드 시스템 개발 상용화 경험 및 실 근무 연수, 국내외 제품 출시를 위한 인증규격 수행 경험자
Proactive 한 사고 방식 및 적극성"
103,103,KT,회사 내규에 따름,3년 이상 또는 박사,대졸 이상,"Machine Learning/통계 분석 지식 및 EDA(Exploratory Data Analysis) Python 기반 Data Science Library를 활용한 소프트웨어 개발 역량
Deep Learning Framework (Tensorfilow, PyTorch 등)을 활용한 알고리즘 개발 역량
관련 직장경력 3년 이상 혹은 박사",Robot AI 기술 개발," Robotics 도메인의 AI 및 Data Science 기술 개발, 로봇 운영/센서 데이터 기반 장애예측 및 서비스 최적화 분석 기술 개발",경력/박사,"Robotics 관련 Al 기술 개발 경험 보유
Generative Al 등 state-of-the-art
Deep Learning 기술 연구 경험 보유"
104,104,KT,회사 내규에 따름,3년 이상 또는 박사,대졸 이상,"Machine Learning/통계 분석 지식 및 EDA(Exploratory Data Analysis) Python 기반 Data Science Library를 활용한 소프트웨어 개발 역량
Deep Learning Framework (Tensorfilow, PyTorch 등)을 활용한 알고리즘 개발 역량
관련 직장경력 3년 이상 혹은 박사",Robot AI 기술 개발,"Generative AI 활용 Robot AI 활용 Robot AI application 기술 개발
Case 발굴 및 Application 개발, LLM/NLM*기반 Human-Rob-Interface 기술 개발
Generative AI 기반 Robot Service Use  Case 발굴 및 Application 개발
LLM: Large Language Model
VLM: Vision Lanquage Model",경력/박사,"Robotics 관련 Al 기술 개발 경험 보유
Generative Al 등 state-of-the-art
Deep Learning 기술 연구 경험 보유"
105,105,클로봇,회사 내규에 따름,2년 이상,대졸 이상,"C++ 이용 개발 경험 보유
SW 자료 구조, 알고리즘 디자인에 대한 지식
원활한 소통 능력","경로계획기술개발
경로 추종 및 장애물 회피 제어 기술 개발
동적 환경에서의 강인한 주행 기술 개발
주행 예외 상황 대처 기술 개발
주행 테스트 수행 및 알고리즘 보완","경로계획기술개발
경로 추종 및 장애물 회피 제어 기술 개발
동적 환경에서의 강인한 주행 기술 개발
주행 예외 상황 대처 기술 개발
주행 테스트 수행 및 알고리즘 보완","로보틱스, 컴퓨터 공학 
석사, 박사 혹은 2년이상의 개발 경력",NaN
106,106,랑데뷰,"3,600",무관,대졸 이상,"물체 인식 및 영상 처리 관련 경험
ROS, 임베디드 시스템
DOCKER, 로봇 자동화 시스템",물체 인식 및 영상 처리 개발자 채용 공고,딸기 인식 및 로봇 수확을 위한 컷팅 계산 알고리즘 개발,공학계열 학사,"ROS 기반의 소프트웨어 개발, 임베디드 시스템 개발 경험
하드웨어 시스템과 로봇 자동화 시스템 운용에 대한 이해
DOCKER 환경에서 개발 가능
관련 연구의 석사 박사 학위 보유자
유관 업무 경력자"
107,107,랑데뷰,"3,600",무관,대졸 이상,"C++ , Python, Linux , ROS, DOCKER",로봇 및 시스템 제어 부문 ,"스마트 팜 또는 스마트 팩토리 내부를 자율주행 하며 임무를 수행하는 로봇 개발
로봇팔을 이용한 pick&place 시스템 개발(인식한 작물들을 로봇을 사용하여 수확 및 관리)",공학계열 학사,"ROS 기반의 소프트웨어 개발, 임베디드 시스템 개발 경험
하드웨어 시스템과 로봇 자동화 시스템 운용에 대한 이해
DOCKER 환경에서 개발 가능
관련 연구의 석사 박사 학위 보유자
유관 업무 경력자"
108,108,뉴빌리티,회사 내규에 따름,신입 또는 5년 이하,대졸 이상,"ROS, C++, C, Linux, 임베디드",planning & control 엔지니어 ,"실외 자율주행 로봇의 이동 경로 생성 알고리즘 개발
모바일 로봇의 모션 제어 시스템 개발
개발된 알고리즘 및 시스템에 대한 성능 향상 및 안정성 평가","프로그래밍에 대한 우수한 이해와 경험이 있으신 분
c와 C++ 프로그래밍 언어에 대한 이해가 있으신 분
ROS  또는 기타 로봇 프래임 워크에 대한 경험이 있으신 분 "," 경로 계획 알고리즘 / 제어 시스템 개발 관련 경험이 있으신 분
 Linux / Embedded 시스템에서의 개발 경험이 있으신 분
 다양한 센서에 대한 사용 경험이 있으신 분
 체계적인 문서 작업/관리 경험이 있으신 분
 영어 / 한국어에 대한 커뮤니케이션 스킬이 있으신 분"
109,109,언맨드 솔루션,회사 내규에 따름,신입 또는 경력,대졸 이상,"gnss, SLAM,vision, lidar, ladar,hdmap, localmap,navigation,local path planning,motor control",자율주행 SW 개발 및 운용,"perception
planning
control 엔지니어","자율주행에 대한 관심
원활한 소통
자기 주도적인 마인드
C, C++, java, Python 중 1개이상 초급 수료","자율주행에 대한 열정
Linux 또는 ROS 사용 경험
프로젝트 진행 경험
lidar/camera perception 경험
hd map 사용 경험
통신 및 보안 프로그래밍 경험
영어 우수자"
110,110,(주)아이들,회사 내규에 따름,무관,대졸 이상,"ROS1, ROS2,sensor fusionSLAM,미들웨어,BLDC / AC SERVO MOTOR,CAN / RS485 ",자율주행 로봇 SW 개발자 ,"ROS1, ROS2 기반의 이동형 로봇  ROS PACKAGE 개발
Sensor fusion (LiDAR, Camera, Radar, IMU, GPS 또는 기타)  
Outdoor mapping & localization(SLAM)
로봇 미들웨어 및 구동 Application 개발
BLDC / AC SERVO MOTOR 제어 가능/ 경력자 우대
통신  프로그래밍 경력자 우대 ( CAN / RS485 )",NaN,NaN
111,111,(주)메디인테크,회사 내규에 따름,무관,무관,"Linux, C/C++, Python,ROS2, 맥슨 모터 ,gazebo, issaC sim, webots 관련 시뮬레이터","C/C++, Python 로봇 제어 개발자","C/C++, Python 로봇 제어 개발자","Robot Engineering / Mechanical Engineering 에 대한 전반적인 이해
Linux 기반 C/C++, Python Programming 경험
응용 프로그램 분야에 대한 포괄적 이해","해당 분야 석사/박사 학위
Robot framework 개발 및 툴 사용 경험
Robot Hardware 관련 경험
맥슨 모터 제어 관련 경험
ROS2 개발 관련 경험
Gazebo, NVIDIA ISSAC platform for Robotics, Webots 등 로봇 시뮬레이션 관련 경험"
112,112,우아한 형제들,회사 내규에 따름,경력,대졸 이상,"
ASP, API, ASP.NET, CSS, HTML, JAVA, Javascript, JSP, MSSQL, MySQL, Oracle, PHP, Spring, Spring Boot, ,SQL, WAS, Window, Linux, Illustrator ",로보틱스LAB 데이터 엔지니어,"로봇 주행 중 생성되는 데이터를 수집할지 기획합니다. 데이터를 수집할 장소, 시간, 날씨, 환경 등을 결정하고, 데이터 수집 시나리오를 설계하는 등의 일을 포함합니다.
수집된 데이터를 관리하는 시스템을 개발합니다. 데이터 레이크(data lake)를 구축하는 일, 데이터 버전이 잘 관리되도록 하는 일 등을 포함합니다.
머신 러닝을 위한 학습 데이터를 가공하기 위한 데이터 선별 및 전처리 기법을 개발합니다.
가공된 데이터가 머신 러닝 학습 및 분석에 효율적으로 사용 가능하도록, 데이터를 변환합니다.
데이터의 통계적 분석 및 시각화를 위한 도구를 개발하고 운영합니다.","컴퓨터 관련 학과에서 학사 이상 학위를 취득한 분
자율주행 또는 로보틱스를 위한 센서 데이터를 다루어 본 경험이 있는 분
Python 또는 그와 유사한 프로그래밍 언어를 능숙하게 사용하는 분
RDBMS, NoSQL 등의 데이터베이스 기술을 이해하고 SQL 등을 통하여 데이터를 다룰 수 있는 분","머신 러닝 또는 데이터 사이언스 관련 분야에서 석사 이상 학위를 취득한 분
대규모의 센서 데이터를 위한 데이터베이스를 구축하고 관리한 경험이 있는 분
머신 러닝 기반의 컴퓨터 비전 알고리즘 개발 경험이 있는 분"
113,113,우아한 형제들,회사 내규에 따름,경력,무관,"ASP, API, ASP.NET, CSS, HTML, JAVA, Javascript, JSP, MSSQL, MySQL, Oracle, PHP, Spring, Spring Boot, SQL, WAS, Window, Linux, Illustrator ",로보틱스LAB General Robotics Software Engineer,"Mapping (지도 작성), localization (위치 추정), perception (인식), planning (계획), control (제어) 등의 자율주행 기술을 소프트웨어로 구현
실내외 환경에서의 자율주행 내비게이션 기술 개발
타 분야 엔지니어들 및 프로덕트 매니저들과 협업","우수한 C++ 프로그래밍 능력을 갖춘 분
자동차 또는 로봇 등을 위한 자율주행 소프트웨어를 실무에서 개발하신 경험이 있는 분 
미적분, 선형대수, 확률 등에 대한 기본 지식을 갖춘 분
컴퓨터 구조, 알고리즘, 자료 구조를 이해하고 실제 문제에 적용하실 수 있는 분
"," ROS, ROS 2를 사용한 개발 업무를 경험한 분
Linux 환경에서의 소프트웨어 엔지니어링에 익숙한 분"
114,114,우아한 형제들,회사 내규에 따름,5년 이상,무관,"ASP, API, ASP.NET, CSS, HTML, JAVA, Javascript, JSP, MSSQL, MySQL, Oracle, PHP, Spring, Spring Boot, SQL, WAS, Window, Linux, Illustrator ","로보틱스LAB Mapping, Localization 엔지니어","자율주행 로봇을 위한 mapping (지도 작성) 및 localization (위치 추정) 알고리즘 개발
실내외 환경에서의 자율주행 내비게이션 기술 개발
타 분야 엔지니어들 및 프로덕트 매니저들과 협업","Mapping, localization, SLAM 알고리즘에 대한 지식 및 관련 코드 개발 경험이 있는 분
C++ 프로그래밍 능력을 갖춘 분","해당 분야 박사 소지자 혹은 관련분야 5년 이상 경력이 있는 분
자율주행 기술에 대한 전반적인 이해를 갖춘 분
LiDAR, IMU, GPS와 같은 다양한 센서를 사용한 개발 경험이 있는 분
ROS, ROS 2를 사용한 개발 업무를 경험한 분
이동 로봇, 자율주행 자동차, UAV 등의 제품을 개발한 분"
115,115,우아한 형제들,회사 내규에 따름,5년 이상,무관,"ASP, API, ASP.NET, CSS, HTML, JAVA, Javascript, JSP, MSSQL, MySQL, Oracle, PHP, Spring, Spring Boot, SQL, WAS, Window, Linux, Illustrator ",로보틱스LAB Perception 엔지니어,"실내외 자율주행 로봇을 위한 perception (인식) 알고리즘 개발
실내외 환경에서의 자율주행 내비게이션 기술 개발
타 분야 엔지니어들 및 프로덕트 매니저들과 협업","Object detection, classification, tracking, sensor fusion 등의 알고리즘에 대한 지식 및 관련 코드 개발 경험이 있는 분
C++ 또는 Python 프로그래밍 능력을 갖춘 분","해당 분야 박사 소지자 혹은 관련분야 5년 이상 경력이 있는 분
자율주행 기술에 대한 전반적인 이해를 갖춘 분
LiDAR, IMU, 카메라 등 센서들의 특성을 이해하고 사용한 분
ROS, ROS 2를 사용한 개발 업무를 경험한 분
이동 로봇, 자율주행 자동차, UAV 등의 제품을 개발한 분"
116,116,우아한 형제들,회사 내규에 따름,3년 이상,무관,"ASP, API, ASP.NET, CSS, HTML, JAVA, Javascript, JSP, MSSQL, MySQL, Oracle, PHP, Spring, Spring Boot, SQL, WAS, Window, Linux, Illustrator ",로보틱스LAB Path/Motion Planning 엔지니어,"실내외 자율주행 로봇을 위한 path planning (경로 계획) 또는 motion planning (모션 계획) 알고리즘 개발
실내외 환경에서의 자율주행 내비게이션 기술 개발
타 분야 엔지니어들 및 프로덕트 매니저들과 협업","Path planning, motion planning, 또는 behavior planning 알고리즘에 대한 지식 및 관련 코드 개발 경험이 있는 분 
C++ 프로그래밍 능력을 갖춘 분","해당 분야 박사 소지자 혹은 관련분야 3년 이상 경력이 있는 분
자율주행 기술에 대한 전반적인 이해를 갖춘 분
ROS, ROS 2를 사용한 개발 업무를 경험한 분
이동 로봇, 자율주행 자동차, UAV 등의 제품을 개발한 분"
117,117,우아한 형제들,회사 내규에 따름,3년 이상,무관,"ASP, API, ASP.NET, CSS, HTML, JAVA, Javascript, JSP, MSSQL, MySQL, Oracle, PHP, Spring, Spring Boot, SQL, WAS, Window, Linux, Illustrator ",로보틱스LAB 하드웨어(기구) 엔지니어,"자율주행 이동 로봇 시스템의 기구, 메커니즘 개발 및 주행 시험
각종 신뢰성 시험 및 양산 지원","이동 로봇의 기구, 메커니즘 개발 실무 경험 및 관련 지식이 있는 분
이동 로봇의 구동, 조향, 서스펜션을 설계하고 제작하신 경험과 관련 지식이 있는 분
자율주행 하드웨어 시스템을 설계하고 제작하신 경험과 관련 지식이 있는 분
양산을 위한 도면 작성, 신뢰성 검증 등을 거쳐 상품화를 경험한 분","해당 분야 석사, 박사 이상 전공자 혹은 5년 이상의 개발 실무 경력을 갖춘 분
각종 환경, 인증시험을 위한 디버깅 경험과 관련 지식이 있는 분
다양한 하드웨어 간 인터페이스 및 하네스를 설계하고 제작하신 경험과 관련 지식이 있는 분
외부 전문업체를 활용하여 다양한 솔루션을 도입해 본 경험이 있는 분"
118,118,우아한 형제들,회사 내규에 따름,4년 이상,석사 이상,"ASP, API, ASP.NET, CSS, HTML, JAVA, Javascript, JSP, MSSQL, MySQL, Oracle, PHP, Spring, Spring Boot, SQL, WAS, Window, Linux, Illustrator ",로보틱스LAB Computer Vision 및 Machine Learning 엔지니어,"장애물 인지, 장애물의 위치와 속도 추정
주행 가능 영역 파악
횡단보도, 보행자 신호등 등 주변 환경 인지","Object detection, classification, tracking 등 컴퓨터 비전 알고리즘을 연구 개발한 경험이 있는 분
관련 분야 석사 학위 이상을 소지하신 분 
숙련된 Python 또는 C++ 프로그래밍 기술을 갖춘 분
로봇 및 자율주행 기술에 관심이 있는 분","이동 로봇, 자율주행 자동차, UAV 등을 위한 컴퓨터 비전 기반의 기능을 개발한 경험이 있는 분
대규모의 실환경 데이터를 이용하여 머신 러닝 모델을 개발한 경험이 있는 분
Edge device에서 실시간으로 동작하는 컴퓨터 비전 기능을 개발한 경험이 있는 분
관련 분야 주요 학회 논문 게재 경험이 있는 분"
119,119,에스티피씨,회사 내규에 따름,2년 이상,대졸 이상,"C++, C ,OpenCV ,ROS,Python,Ubuntu",자율주행 로봇 perception engineer 채용,"카메라 라이다 기반의 비전 솔루션
자율주행 인지 알고리즘 개발
객체 탐지, 형상, 속도, 자세 추정
객체 추적
다중 카메라 센서 퓨전
카메라 & 라이다 센서 퓨전","C / C++ 중급 이상
영상처리 개발 경험
ROS 경험
센서 데이터 작업
TensorRT Flow","자율주행 관련 업무 경험
자율주행 석사 / 박사
C / C++ 마스터"
120,120,코가로보틱스,회사 내규에 따름,무관,대졸 이상,"SLAM,motion planning,deep learning,git, ROS1, ROS2,camera, lidar",자율주행 로봇 개발자 채용,"자율주행 선행기술 연구
카메라/라이다 기반 모바일 로봇 SLAM 알고리즘 R&D
모바일 로봇 모션 알고리즘 R&D
딥러닝 및 영상처리 알고리즘",NaN,"공학계열
관련 계열
git, ROS1, ROS2를 이용한 개발 경험
로봇 관련 프로젝트 유 경험자 (과제, 졸업작품 포함)
창의적, 협업, 발전"
121,121,코가로보틱스,회사 내규에 따름,무관,대졸 이상,"opencv,ml,SLAM,path planning, control, kinematics,git, ROS,Linux",실내 자율주행 로봇 엔지니어 ,"실내 자율주행 알고리즘 개발
시스템 개발 및 성능 평가",학사 이상,"석사 박사
모바일 로봇 개발 유경험 및 해당 직무 근무 경험
git, ROS
로봇 프로젝트 유 경험자
리눅스
영어/수학 논문 리뷰가 가능한 자"
122,122,알지티,회사 내규에 따름,3년 이상,대졸 이상,Python git ROS C++,모바일 로봇 제어 SW 개발자,"지도에서 효율적이고 안전한 global path planning 알고리즘 개발
복잡하고 역동적인 환경에서 작동할 수 있는 local path planning 알고리즘 개발","관련 경력 3년이상
실내 Navigation 분야 상용화 제품 개발 경력자(저널 논문도 가능)
Global path algorithm 개발 경력자(A* 등등)
Local path planning 개발 경력자(DWA, RRT, 등등)
ROS, C++, Python 개발 능통
탁월한 의사 소통 및 대인 관계 기술을 바탕으로 팀 중심 환경에서 작업할 수 있는 능력
비즈니스 회화 능력
Git 경험자","Navigation 관련 분야 석사 혹은 박사 학위 소유자
ISO13482 인증 경험자 우대
AMR or 자율주행로봇 (라인트레이서 제외)개발 경험자
ROS2 가능자
열정적인 모습으로 팀원들에게 동기 부여를 줄 수 있는 분"
123,123,알지티,회사 내규에 따름,2년 이상,대졸 이상,Python git ROS C++,컴퓨터 비전 개발자 ,"센서의 특성 기반 적합한 에러 모델링 및 노이즈 제거 필터링 알고리즘 개발
복잡하고 역동적인 환경에서 작동할 수 있는 객체 검출 알고리즘 개발","관련 경력 2년 이상
2D LiDAR 기반 객체 검출 상용화 제품 개발 경력자
Depth camera기반 객체 검출 알고리즘 개발 경력자
Sensor calibration 알고리즘 개발 경력자
센서 융합 기반 객체 검출 및 추적 알고리즘 개발 경력자
ROS 및 프로그램 최적화 개발 경력자
C++, Python 언어 능통
영어 비즈니스 회화 능력
Git 경험자
열정적인 모습으로 팀원들과 소통을 기반한 협업을 중시하는 분","객체 검출 및 추적 관련 분야 석사 이상 학위 소유자
AMR or 자율주행로봇 (라인트레이서 제외)개발 경험자"
124,124,알지티,회사 내규에 따름,3년 이상,대졸 이상,C++ Python C Linux ROS,다중 로봇 제어 개발자, 복잡하고 역동적인 환경에서 작동할 수 있는 다중 자율 주행 로봇 알고리즘을 설계 및 개발,"경력 : 경력3년↑
실내 네비게이션 분야 상용화 제품 개발 경력자
다중 로봇 네비게이션 알고리즘 개발 경력자
다중 로봇 충돌 예측(collision map) 알고리즘 개발 경력자
Global path planning 개발 경력자(A* 등등)
C, C++, Python 등의 소프트웨어 언어 능통
탁월한 의사 소통 및 대인 관계 기술을 바탕으로 팀 중심 환경에서 작업할 수 있는 능력
비즈니스 회화 능력
Git 경험자","navigation관련 석사 혹은 박사 학위 수여자
영어가능자
ISO13482 인증 경험자 우대
AMR(Autonomous Mobile Robot) or 자율주행로봇(라인트레이서 제외) 개발 경험자
ROS2 가능자
열정적인 모습으로 팀원들에게 동기 부여를 줄 수 있는 분
외국어 : OPIC IL 이상
전공 : 기계·메카트로닉스·로봇, 응용소프트웨어공학, 제어계측공학"
125,125,에이스랩,회사 내규에 따름,신입 또는 5년 이하,대졸 이상,"C, C++, Python",자율주행 SW 엔지니어,"자율주행 소프트웨어 개발 및 최적화 (아래 중 1)
경로생성 알고리즘 개발 및 통합 검증
측위 알고리즘 개발 (GPS / HD Map / 다중센서 기반)
딥러닝 비전 알고리즘 개발
다중센서 기반 물체인식 알고리즘 개발
객체 경로 예측 알고리즘 개발
제어 알고리즘 개발 (실차 기반 테스트, 시뮬레이션)","전기전자/기계/자동차/컴퓨터공학 등 관련 전공 학사 이상
C/C++, Python 등을 활용한 프로그래밍 프로젝트 경험","자율주행 프로젝트 수행 경험 보유자
자율주행 시스템에 대한 전반적인 이해
관련분야 석/박사 학위 (경력)"
126,126,아데코코리아,회사 내규에 따름,3년 이상,대졸 이상,"SLAM, localization, mapping, C/C++,알고리즘 자료구조 운영체제 imu",SLAM SW 엔지니어,"자율주행을 위한 LiDAR를 기반 SLAM 알고리즘 개발
LiDAR를 기반으로 한 위치인지 알고리즘 개발","관련분야 (컴퓨터공학, 전기전자공학 등) 석사 학위자 이상 또는 이에 준하는 경력을 소유하신 분
SLAM, Mapping, Localization 개발 경험
C/C++ 및 객체지향 프로그래밍 스킬 보유자
알고리즘, 자료구조, 운영체제에 대한 깊은 이해를 갖추신 분","LiDAR, camera, IMU 등과 같은 다양한 센서들의 기본적인 특성을 알고 계신 분
최신 SLAM 기술 트렌드를 이해하고 계신 분
자율주행/ADAS 기술에 관심을 갖고 계신 분"
127,127,아데코코리아,회사 내규에 따름,5년 이상,대졸 이상,"Python, git, 로보틱스 , ml",robotics SW 엔지니어,"자율주행 로봇 운용에 필요한 다양한 시스템 개발 및 운영
로봇에서 수집되는 데이터 처리 및 프로세스 자동화 환경 구축","Python 개발 경력 3년 이상 또는 그에 준하는 실력 보유자
기본적인 알고리즘 개발 능력 보유자 (알고리즘, 자료구조, 운영체제, DB등)
Git 기반 협업 경험
온라인 커뮤니케이션 능력 보유자
다음과 같은 분야에서 하나 이상의 전문성 보유자:
모바일/프론트엔드 앱, 분산/병렬 시스템, 로보틱스, 기계학습, 임베디드 시스템, 테스트 자동화, DevOps, 네트워킹, 보안 등","컴퓨터공학 또는 관련 분야 석사 또는 학사 학위 보유자
프로젝트의 전체적인 기술적 방향 제시 경험과 리더쉽 보유자
기술 문제 분석 및 해결 방안 제시 역량을 갖춘 분
스타트업에서의 제품 개발/출시 경험자 
Git 기반 Code Review 절차에 익숙한 분
Django framework, ORM, JSON Serializer 사용 경험자
자동화된 Unit test, integration test 코드 작성 경험자
GCP/AWS클라우드 기반 웹 서비스 개발 및 운영 경험자
영어 커뮤니케이션 능력
로봇에 관심 있는 분"
128,128,에이알247,회사 내규에 따름,1년 이상,대졸 이상,"C++, ROS, C, Python,SLAM, IMU, GPS senor fusion",자율주행 SLAM 개발자,자율주행 무인 배달 로봇 위치추정 및 지도제작,SLAM 알고리즘 경험,"SLAM 을 활용한 위치추정 개발 경력
자율주행 관련 개발자"
129,129,현대자동차,회사 내규에 따름,2년 이상,석사 이상,"임베디드 SW C,C++, pyhon",robotics engineer (서비스 로봇 SW),"서비스 로봇 SW 개발 및 제어 아키텍처 구축
SW 기능 검증 및 테스트","석사 이상의 학위를 보유하신 분
기계공학, 컴퓨터 공학, 전자공학을 전공하신 분
산업체에서의 2년 이상 경력을 보유하신 분
임베디드 SW 개발 경험, SW 검증 경험을 보유하신 분
C, C++, Python 활용 가능하신 분
최종합격 후, 회사가 지정하는 입사일에 입사 가능하신 분
해외여행에 결격 사유가 없는 분 (남성의 경우, 회사가 지정한 입사일까지 병역을 마쳤거나 면제되신 분)","박사 학위를 보유하신 분
비즈니스 영어 활용 우수하신 분
산업체에서의 5년 이상 경력을 보유하신 분
로보틱스 제어 시스템 아키텍쳐 구축 경험, Robot Frontend 개발 경험, 로봇 양산 경험, 임베디드 시스템 구축 경험을 보유하신 분
ROS2 ,Linux, Embedded, RTOS, EtherCAT 활용 가능하신 분"
